id,gender,articleType,season,usage
52003,,,Winter,
52007,,,Summer,
52017,,,Summer,
52021,,,Fall,
52023,,,Summer,
52026,,,Summer,
52027,,,Summer,
52028,,,Summer,
52029,,,Summer,
52030,,,Summer,
52031,,,Summer,
52032,,,Summer,
52034,,,Summer,
52042,,,Fall,
52043,,,Summer,
52044,,,Summer,
52045,,,Summer,
52049,,,Summer,
52050,,,Summer,
52051,,,Summer,
52052,,,Summer,
52053,,,Summer,
52054,,,Summer,
52055,,,Summer,
52056,,,Summer,
52057,,,Summer,
52058,,,Summer,
52059,,,Summer,
52060,,,Summer,
52061,,,Summer,
52062,,,Summer,
52063,,,Summer,
52064,,,Summer,
52065,,,Summer,
52066,,,Fall,
52067,,,Summer,
52068,,,Summer,
52069,,,Summer,
52070,,,Summer,
52071,,,Summer,
52072,,,Summer,
52073,,,Summer,
52074,,,Summer,
52075,,,Summer,
52076,,,Summer,
52077,,,Summer,
52078,,,Summer,
52079,,,Summer,
52080,,,Summer,
52081,,,Summer,
52082,,,Summer,
52083,,,Summer,
52084,,,Summer,
52085,,,Summer,
52086,,,Summer,
52087,,,Summer,
52088,,,Summer,
52089,,,Summer,
52090,,,Summer,
52091,,,Summer,
52092,,,Summer,
52093,,,Summer,
52094,,,Summer,
52095,,,Summer,
52096,,,Summer,
52097,,,Summer,
52098,,,Summer,
52099,,,Summer,
52100,,,Summer,
52101,,,Summer,
52102,,,Summer,
52103,,,Summer,
52104,,,Fall,
52105,,,Summer,
52106,,,Summer,
52107,,,Summer,
52108,,,Summer,
52109,,,Summer,
52110,,,Summer,
52111,,,Summer,
52112,,,Summer,
52113,,,Summer,
52114,,,Summer,
52115,,,Summer,
52116,,,Summer,
52117,,,Summer,
52118,,,Summer,
52119,,,Summer,
52120,,,Fall,
52121,,,Summer,
52122,,,Summer,
52123,,,Summer,
52124,,,Summer,
52125,,,Summer,
52126,,,Summer,
52127,,,Summer,
52128,,,Summer,
52129,,,Summer,
52130,,,Summer,
52131,,,Summer,
52132,,,Summer,
52133,,,Summer,
52134,,,Summer,
52135,,,Summer,
52136,,,Summer,
52137,,,Summer,
52138,,,Summer,
52139,,,Summer,
52140,,,Summer,
52141,,,Summer,
52142,,,Summer,
52143,,,Summer,
52144,,,Summer,
52145,,,Summer,
52146,,,Summer,
52147,,,Summer,
52148,,,Summer,
52149,,,Summer,
52150,,,Summer,
52151,,,Summer,
52153,,,Summer,
52154,,,Summer,
52155,,,Summer,
52156,,,Summer,
52157,,,Summer,
52158,,,Summer,
52159,,,Summer,
52160,,,Summer,
52161,,,Summer,
52162,,,Summer,
52163,,,Summer,
52164,,,Summer,
52165,,,Summer,
52166,,,Winter,
52168,,,Fall,
52169,,,Winter,
52172,,,Winter,
52173,,,Summer,
52176,,,Fall,
52177,,,Summer,
52178,,,Fall,
52179,,,Winter,
52180,,,Summer,
52181,,,Summer,
52182,,,Summer,
52183,,,Summer,
52185,,,Winter,
52186,,,Winter,
52187,,,Fall,
52190,,,Fall,
52191,,,Fall,
52193,,,Fall,
52195,,,Summer,
52198,,,Summer,
52200,,,Summer,
52202,,,Winter,
52204,,,Winter,
52205,,,Winter,
52209,,,Summer,
52210,,,Fall,
52211,,,Fall,
52214,,,Winter,
52220,,,Winter,
52221,,,Winter,
52222,,,Summer,
52223,,,Winter,
52224,,,Winter,
52225,,,Summer,
52228,,,Summer,
52230,,,Winter,
52235,,,Summer,
52254,,,Summer,
52255,,,Summer,
52256,,,Summer,
52257,,,Summer,
52299,,,Fall,
52303,,,Fall,
52304,,,Summer,
52305,,,Summer,
52306,,,Fall,
52307,,,Summer,
52308,,,Summer,
52309,,,Summer,
52310,,,Winter,
52311,,,Winter,
52312,,,Winter,
52313,,,Winter,
52314,,,Summer,
52315,,,Summer,
52316,,,Summer,
52317,,,Summer,
52318,,,Fall,
52320,,,Summer,
52322,,,Summer,
52323,,,Summer,
52324,,,Summer,
52325,,,Summer,
52326,,,Summer,
52327,,,Winter,
52328,,,Summer,
52329,,,Summer,
52330,,,Summer,
52331,,,Summer,
52332,,,Summer,
52333,,,Summer,
52334,,,Summer,
52335,,,Summer,
52336,,,Summer,
52337,,,Summer,
52338,,,Winter,
52339,,,Summer,
52340,,,Summer,
52341,,,Summer,
52342,,,Summer,
52343,,,Winter,
52344,,,Winter,
52345,,,Fall,
52346,,,Summer,
52347,,,Summer,
52348,,,Summer,
52349,,,Summer,
52350,,,Summer,
52351,,,Fall,
52352,,,Fall,
52353,,,Summer,
52354,,,Summer,
52355,,,Summer,
52356,,,Summer,
52357,,,Summer,
52358,,,Summer,
52359,,,Summer,
52360,,,Summer,
52361,,,Summer,
52362,,,Summer,
52363,,,Summer,
52364,,,Summer,
52366,,,Fall,
52367,,,Fall,
52368,,,Fall,
52369,,,Fall,
52370,,,Summer,
52371,,,Fall,
52372,,,Summer,
52373,,,Summer,
52374,,,Summer,
52375,,,Fall,
52376,,,Summer,
52377,,,Fall,
52378,,,Fall,
52379,,,Fall,
52380,,,Summer,
52381,,,Summer,
52382,,,Fall,
52383,,,Winter,
52384,,,Summer,
52385,,,Summer,
52386,,,Summer,
52387,,,Summer,
52390,,,Fall,
52391,,,Summer,
52392,,,Summer,
52393,,,Fall,
52394,,,Fall,
52395,,,Summer,
52396,,,Summer,
52397,,,Summer,
52398,,,Fall,
52399,,,Fall,
52400,,,Fall,
52401,,,Fall,
52402,,,Summer,
52403,,,Winter,
52404,,,Summer,
52405,,,Summer,
52406,,,Summer,
52407,,,Summer,
52408,,,Summer,
52409,,,Summer,
52410,,,Fall,
52411,,,Summer,
52412,,,Summer,
52413,,,Winter,
52414,,,Summer,
52415,,,Summer,
52416,,,Fall,
52417,,,Summer,
52418,,,Summer,
52419,,,Summer,
52420,,,Fall,
52421,,,Summer,
52422,,,Summer,
52423,,,Summer,
52424,,,Summer,
52425,,,Summer,
52426,,,Summer,
52427,,,Summer,
52428,,,Summer,
52429,,,Summer,
52430,,,Summer,
52431,,,Summer,
52432,,,Summer,
52434,,,Summer,
52435,,,Summer,
52436,,,Summer,
52437,,,Summer,
52438,,,Summer,
52439,,,Summer,
52440,,,Summer,
52441,,,Summer,
52442,,,Summer,
52443,,,Summer,
52444,,,Summer,
52445,,,Summer,
52446,,,Summer,
52447,,,Summer,
52448,,,Summer,
52449,,,Summer,
52450,,,Summer,
52451,,,Summer,
52452,,,Summer,
52453,,,Summer,
52454,,,Summer,
52455,,,Summer,
52456,,,Summer,
52457,,,Summer,
52458,,,Summer,
52459,,,Summer,
52460,,,Summer,
52461,,,Summer,
52462,,,Fall,
52463,,,Fall,
52464,,,Winter,
52465,,,Summer,
52466,,,Summer,
52467,,,Summer,
52468,,,Fall,
52469,,,Fall,
52470,,,Summer,
52472,,,Fall,
52473,,,Summer,
52474,,,Summer,
52475,,,Summer,
52476,,,Fall,
52477,,,Summer,
52478,,,Summer,
52479,,,Summer,
52480,,,Summer,
52481,,,Summer,
52482,,,Summer,
52483,,,Summer,
52484,,,Summer,
52485,,,Summer,
52486,,,Summer,
52487,,,Summer,
52488,,,Summer,
52489,,,Summer,
52490,,,Summer,
52491,,,Summer,
52492,,,Summer,
52493,,,Summer,
52494,,,Fall,
52495,,,Fall,
52496,,,Summer,
52497,,,Fall,
52498,,,Summer,
52499,,,Summer,
52500,,,Fall,
52501,,,Summer,
52502,,,Summer,
52503,,,Summer,
52504,,,Summer,
52505,,,Summer,
52506,,,Summer,
52507,,,Fall,
52508,,,Summer,
52509,,,Fall,
52510,,,Summer,
52511,,,Summer,
52512,,,Summer,
52513,,,Summer,
52514,,,Summer,
52515,,,Summer,
52516,,,Fall,
52517,,,Summer,
52518,,,Summer,
52519,,,Summer,
52520,,,Summer,
52522,,,Summer,
52523,,,Summer,
52524,,,Summer,
52525,,,Summer,
52528,,,Summer,
52529,,,Summer,
52536,,,Fall,
52539,,,Summer,
52547,,,Summer,
52548,,,Summer,
52553,,,Summer,
52554,,,Summer,
52555,,,Summer,
52556,,,Winter,
52557,,,Summer,
52558,,,Summer,
52559,,,Fall,
52560,,,Summer,
52561,,,Summer,
52563,,,Summer,
52564,,,Summer,
52565,,,Summer,
52568,,,Summer,
52569,,,Summer,
52570,,,Summer,
52574,,,Summer,
52575,,,Summer,
52576,,,Summer,
52577,,,Summer,
52579,,,Winter,
52581,,,Winter,
52582,,,Summer,
52585,,,Summer,
52586,,,Summer,
52588,,,Summer,
52589,,,Winter,
52593,,,Winter,
52594,,,Summer,
52599,,,Summer,
52602,,,Summer,
52603,,,Winter,
52604,,,Winter,
52609,,,Summer,
52616,,,Summer,
52618,,,Winter,
52622,,,Summer,
52623,,,Summer,
52626,,,Summer,
52632,,,Summer,
52633,,,Winter,
52634,,,Summer,
52635,,,Summer,
52636,,,Summer,
52637,,,Summer,
52638,,,Summer,
52639,,,Summer,
52641,,,Summer,
52642,,,Winter,
52643,,,Summer,
52647,,,Winter,
52648,,,Summer,
52649,,,Summer,
52650,,,Summer,
52651,,,Summer,
52652,,,Summer,
52653,,,Summer,
52654,,,Winter,
52655,,,Summer,
52656,,,Summer,
52657,,,Winter,
52658,,,Winter,
52659,,,Summer,
52660,,,Summer,
52661,,,Winter,
52665,,,Winter,
52670,,,Winter,
52671,,,Winter,
52673,,,Winter,
52675,,,Winter,
52676,,,Winter,
52677,,,Winter,
52678,,,Winter,
52679,,,Winter,
52680,,,Winter,
52681,,,Winter,
52682,,,Winter,
52683,,,Winter,
52684,,,Winter,
52686,,,Winter,
52687,,,Summer,
52688,,,Winter,
52690,,,Winter,
52691,,,Summer,
52692,,,Winter,
52693,,,Winter,
52694,,,Winter,
52695,,,Winter,
52749,,,Spring,
52751,,,Spring,
52754,,,Fall,
52756,,,Winter,
52758,,,Summer,
52759,,,Summer,
52766,,,Summer,
52767,,,Summer,
52768,,,Winter,
52772,,,Summer,
52773,,,Summer,
52774,,,Summer,
52775,,,Winter,
52776,,,Summer,
52777,,,Summer,
52778,,,Summer,
52779,,,Summer,
52780,,,Winter,
52781,,,Winter,
52782,,,Summer,
52784,,,Summer,
52785,,,Summer,
52786,,,Summer,
52789,,,Summer,
52791,,,Summer,
52792,,,Fall,
52793,,,Summer,
52794,,,Summer,
52795,,,Summer,
52796,,,Summer,
52797,,,Summer,
52798,,,Summer,
52799,,,Summer,
52800,,,Summer,
52801,,,Summer,
52802,,,Summer,
52803,,,Spring,
52804,,,Summer,
52805,,,Summer,
52806,,,Summer,
52807,,,Summer,
52808,,,Summer,
52809,,,Summer,
52810,,,Summer,
52811,,,Summer,
52812,,,Summer,
52813,,,Summer,
52814,,,Summer,
52816,,,Winter,
52817,,,Summer,
52818,,,Summer,
52819,,,Summer,
52820,,,Fall,
52822,,,Summer,
52823,,,Winter,
52825,,,Summer,
52827,,,Summer,
52828,,,Summer,
52831,,,Summer,
52834,,,Winter,
52835,,,Summer,
52836,,,Summer,
52837,,,Summer,
52839,,,Summer,
52840,,,Summer,
52841,,,Summer,
52842,,,Fall,
52846,,,Summer,
52847,,,Summer,
52848,,,Summer,
52850,,,Fall,
52851,,,Winter,
52852,,,Summer,
52854,,,Summer,
52855,,,Summer,
52859,,,Fall,
52860,,,Winter,
52862,,,Winter,
52863,,,Summer,
52864,,,Winter,
52868,,,Summer,
52869,,,Summer,
52871,,,Summer,
52874,,,Summer,
52875,,,Summer,
52876,,,Summer,
52877,,,Fall,
52878,,,Fall,
52879,,,Fall,
52880,,,Fall,
52881,,,Fall,
52882,,,Summer,
52883,,,Fall,
52884,,,Summer,
52885,,,Summer,
52886,,,Fall,
52887,,,Fall,
52888,,,Fall,
52889,,,Fall,
52890,,,Summer,
52891,,,Fall,
52892,,,Summer,
52893,,,Summer,
52894,,,Summer,
52895,,,Summer,
52896,,,Summer,
52897,,,Summer,
52898,,,Summer,
52899,,,Fall,
52901,,,Winter,
52902,,,Fall,
52903,,,Summer,
52904,,,Summer,
52905,,,Fall,
52906,,,Fall,
52907,,,Fall,
52908,,,Fall,
52909,,,Summer,
52910,,,Fall,
52911,,,Summer,
52912,,,Summer,
52913,,,Summer,
52914,,,Fall,
52915,,,Fall,
52916,,,Summer,
52917,,,Summer,
52918,,,Fall,
52919,,,Summer,
52920,,,Summer,
52921,,,Summer,
52922,,,Fall,
52923,,,Summer,
52924,,,Summer,
52925,,,Fall,
52926,,,Summer,
52927,,,Fall,
52928,,,Summer,
52929,,,Fall,
52930,,,Fall,
52931,,,Fall,
52934,,,Fall,
52935,,,Fall,
52936,,,Fall,
52937,,,Fall,
52938,,,Summer,
52940,,,Fall,
52941,,,Summer,
52942,,,Fall,
52943,,,Summer,
52944,,,Summer,
52945,,,Fall,
52946,,,Fall,
52947,,,Summer,
52948,,,Summer,
52949,,,Summer,
52950,,,Fall,
52951,,,Fall,
52952,,,Summer,
52953,,,Summer,
52954,,,Summer,
52955,,,Summer,
52956,,,Summer,
52957,,,Summer,
52958,,,Summer,
52959,,,Summer,
52960,,,Summer,
52961,,,Fall,
52962,,,Summer,
52963,,,Summer,
52964,,,Fall,
52965,,,Fall,
52966,,,Fall,
52967,,,Summer,
52968,,,Summer,
52969,,,Fall,
52970,,,Summer,
52971,,,Fall,
52972,,,Summer,
52973,,,Fall,
52975,,,Summer,
52976,,,Fall,
52978,,,Fall,
52979,,,Fall,
52980,,,Summer,
52981,,,Summer,
52982,,,Fall,
52983,,,Summer,
52986,,,Summer,
52987,,,Summer,
52988,,,Summer,
52989,,,Fall,
52990,,,Fall,
52991,,,Fall,
52992,,,Summer,
52993,,,Fall,
52996,,,Summer,
52998,,,Summer,
52999,,,Fall,
53000,,,Summer,
53001,,,Summer,
53002,,,Summer,
53003,,,Fall,
53004,,,Summer,
53006,,,Summer,
53007,,,Summer,
53008,,,Summer,
53009,,,Summer,
53010,,,Summer,
53011,,,Summer,
53013,,,Summer,
53014,,,Summer,
53015,,,Summer,
53016,,,Summer,
53017,,,Summer,
53019,,,Summer,
53020,,,Fall,
53021,,,Summer,
53023,,,Summer,
53024,,,Summer,
53025,,,Fall,
53026,,,Summer,
53027,,,Summer,
53029,,,Summer,
53030,,,Summer,
53031,,,Fall,
53032,,,Summer,
53033,,,Summer,
53034,,,Summer,
53035,,,Summer,
53036,,,Fall,
53037,,,Summer,
53038,,,Fall,
53039,,,Fall,
53040,,,Summer,
53041,,,Summer,
53042,,,Summer,
53043,,,Summer,
53044,,,Summer,
53045,,,Summer,
53046,,,Fall,
53047,,,Fall,
53048,,,Summer,
53049,,,Summer,
53050,,,Summer,
53051,,,Summer,
53052,,,Summer,
53053,,,Summer,
53054,,,Summer,
53055,,,Summer,
53056,,,Summer,
53057,,,Summer,
53058,,,Summer,
53059,,,Summer,
53060,,,Summer,
53061,,,Summer,
53062,,,Summer,
53063,,,Winter,
53064,,,Summer,
53065,,,Summer,
53066,,,Winter,
53067,,,Winter,
53068,,,Winter,
53069,,,Summer,
53070,,,Winter,
53071,,,Summer,
53072,,,Summer,
53073,,,Summer,
53075,,,Winter,
53076,,,Summer,
53077,,,Summer,
53078,,,Summer,
53079,,,Summer,
53080,,,Winter,
53081,,,Winter,
53082,,,Summer,
53083,,,Summer,
53084,,,Summer,
53085,,,Winter,
53086,,,Winter,
53087,,,Summer,
53088,,,Summer,
53089,,,Summer,
53090,,,Winter,
53091,,,Summer,
53092,,,Summer,
53093,,,Summer,
53094,,,Summer,
53095,,,Summer,
53096,,,Summer,
53097,,,Summer,
53098,,,Summer,
53099,,,Summer,
53100,,,Summer,
53101,,,Summer,
53102,,,Summer,
53103,,,Summer,
53104,,,Fall,
53105,,,Summer,
53106,,,Summer,
53107,,,Summer,
53108,,,Summer,
53109,,,Summer,
53110,,,Summer,
53111,,,Summer,
53112,,,Summer,
53113,,,Summer,
53114,,,Summer,
53115,,,Summer,
53116,,,Summer,
53117,,,Summer,
53118,,,Summer,
53119,,,Summer,
53120,,,Summer,
53121,,,Summer,
53122,,,Summer,
53123,,,Summer,
53124,,,Summer,
53125,,,Summer,
53126,,,Fall,
53127,,,Fall,
53128,,,Winter,
53129,,,Winter,
53130,,,Winter,
53131,,,Winter,
53132,,,Winter,
53133,,,Winter,
53134,,,Winter,
53135,,,Winter,
53136,,,Winter,
53137,,,Winter,
53138,,,Winter,
53139,,,Winter,
53140,,,Winter,
53141,,,Winter,
53142,,,Winter,
53143,,,Winter,
53144,,,Winter,
53145,,,Winter,
53146,,,Winter,
53147,,,Winter,
53148,,,Winter,
53149,,,Winter,
53150,,,Winter,
53152,,,Summer,
53159,,,Summer,
53211,,,Summer,
53215,,,Summer,
53226,,,Fall,
53228,,,Summer,
53248,,,Summer,
53252,,,Summer,
53264,,,Summer,
53269,,,Summer,
53278,,,Summer,
53282,,,Fall,
53286,,,Summer,
53287,,,Summer,
53296,,,Summer,
53303,,,Summer,
53307,,,Summer,
53312,,,Summer,
53313,,,Summer,
53314,,,Summer,
53318,,,Summer,
53319,,,Summer,
53328,,,Summer,
53329,,,Summer,
53332,,,Summer,
53338,,,Summer,
53345,,,Summer,
53348,,,Fall,
53357,,,Summer,
53358,,,Summer,
53360,,,Summer,
53361,,,Summer,
53362,,,Summer,
53363,,,Winter,
53364,,,Summer,
53365,,,Summer,
53366,,,Winter,
53367,,,Summer,
53368,,,Summer,
53369,,,Winter,
53370,,,Winter,
53371,,,Winter,
53372,,,Summer,
53373,,,Summer,
53374,,,Summer,
53376,,,Summer,
53377,,,Summer,
53378,,,Summer,
53379,,,Summer,
53380,,,Summer,
53381,,,Summer,
53382,,,Winter,
53383,,,Summer,
53384,,,Fall,
53386,,,Summer,
53387,,,Summer,
53388,,,Summer,
53389,,,Summer,
53390,,,Summer,
53391,,,Summer,
53392,,,Summer,
53393,,,Summer,
53394,,,Summer,
53395,,,Summer,
53396,,,Summer,
53397,,,Summer,
53398,,,Summer,
53399,,,Summer,
53401,,,Summer,
53402,,,Summer,
53403,,,Summer,
53404,,,Summer,
53405,,,Summer,
53406,,,Summer,
53408,,,Summer,
53409,,,Summer,
53410,,,Summer,
53411,,,Summer,
53412,,,Summer,
53413,,,Summer,
53414,,,Summer,
53415,,,Summer,
53416,,,Fall,
53417,,,Summer,
53418,,,Summer,
53419,,,Summer,
53420,,,Summer,
53421,,,Summer,
53422,,,Summer,
53423,,,Summer,
53424,,,Summer,
53425,,,Summer,
53426,,,Summer,
53427,,,Summer,
53428,,,Summer,
53429,,,Summer,
53430,,,Summer,
53431,,,Summer,
53432,,,Summer,
53433,,,Summer,
53434,,,Summer,
53435,,,Summer,
53436,,,Summer,
53437,,,Fall,
53438,,,Summer,
53439,,,Winter,
53440,,,Summer,
53441,,,Summer,
53442,,,Winter,
53444,,,Summer,
53445,,,Winter,
53446,,,Summer,
53447,,,Fall,
53448,,,Winter,
53449,,,Winter,
53450,,,Winter,
53452,,,Summer,
53453,,,Winter,
53454,,,Winter,
53455,,,Summer,
53456,,,Winter,
53457,,,Winter,
53458,,,Summer,
53459,,,Winter,
53460,,,Winter,
53461,,,Winter,
53462,,,Summer,
53463,,,Summer,
53464,,,Summer,
53465,,,Summer,
53466,,,Summer,
53467,,,Winter,
53468,,,Summer,
53469,,,Summer,
53470,,,Summer,
53473,,,Summer,
53474,,,Winter,
53475,,,Summer,
53476,,,Summer,
53477,,,Summer,
53478,,,Summer,
53479,,,Winter,
53480,,,Fall,
53484,,,Fall,
53485,,,Fall,
53486,,,Fall,
53487,,,Summer,
53488,,,Fall,
53489,,,Summer,
53490,,,Summer,
53491,,,Summer,
53492,,,Summer,
53493,,,Summer,
53498,,,Summer,
53506,,,Summer,
53507,,,Summer,
53508,,,Winter,
53520,,,Summer,
53525,,,Fall,
53526,,,Winter,
53527,,,Summer,
53528,,,Summer,
53529,,,Summer,
53530,,,Summer,
53531,,,Summer,
53532,,,Summer,
53533,,,Fall,
53534,,,Summer,
53535,,,Summer,
53536,,,Summer,
53537,,,Summer,
53538,,,Summer,
53539,,,Summer,
53540,,,Summer,
53541,,,Summer,
53542,,,Summer,
53543,,,Summer,
53545,,,Summer,
53546,,,Summer,
53547,,,Summer,
53548,,,Winter,
53554,,,Summer,
53555,,,Summer,
53556,,,Summer,
53557,,,Summer,
53558,,,Summer,
53559,,,Summer,
53560,,,Winter,
53561,,,Winter,
53562,,,Winter,
53563,,,Winter,
53564,,,Winter,
53565,,,Winter,
53566,,,Winter,
53567,,,Winter,
53568,,,Winter,
53569,,,Winter,
53570,,,Winter,
53571,,,Winter,
53572,,,Winter,
53573,,,Winter,
53574,,,Winter,
53575,,,Winter,
53576,,,Winter,
53577,,,Winter,
53578,,,Winter,
53579,,,Winter,
53580,,,Winter,
53581,,,Winter,
53582,,,Winter,
53583,,,Winter,
53584,,,Winter,
53585,,,Winter,
53586,,,Winter,
53587,,,Winter,
53588,,,Winter,
53589,,,Winter,
53590,,,Winter,
53591,,,Winter,
53592,,,Winter,
53593,,,Winter,
53594,,,Winter,
53595,,,Winter,
53596,,,Winter,
53597,,,Winter,
53598,,,Winter,
53599,,,Winter,
53600,,,Winter,
53601,,,Winter,
53602,,,Winter,
53603,,,Winter,
53604,,,Winter,
53605,,,Winter,
53606,,,Winter,
53608,,,Winter,
53609,,,Winter,
53611,,,Winter,
53612,,,Winter,
53613,,,Winter,
53614,,,Winter,
53615,,,Winter,
53616,,,Winter,
53617,,,Winter,
53618,,,Winter,
53619,,,Winter,
53620,,,Winter,
53621,,,Winter,
53622,,,Winter,
53623,,,Winter,
53624,,,Winter,
53625,,,Winter,
53626,,,Winter,
53627,,,Winter,
53628,,,Winter,
53629,,,Winter,
53630,,,Summer,
53631,,,Summer,
53632,,,Summer,
53633,,,Winter,
53634,,,Fall,
53635,,,Summer,
53636,,,Summer,
53637,,,Summer,
53638,,,Summer,
53639,,,Summer,
53640,,,Summer,
53648,,,Summer,
53649,,,Summer,
53651,,,Summer,
53652,,,Summer,
53653,,,Summer,
53654,,,Fall,
53655,,,Summer,
53656,,,Summer,
53657,,,Summer,
53659,,,Summer,
53660,,,Summer,
53661,,,Winter,
53663,,,Summer,
53665,,,Summer,
53666,,,Summer,
53667,,,Summer,
53668,,,Summer,
53669,,,Summer,
53670,,,Summer,
53671,,,Summer,
53672,,,Winter,
53673,,,Winter,
53674,,,Winter,
53675,,,Winter,
53676,,,Summer,
53677,,,Summer,
53678,,,Summer,
53679,,,Fall,
53680,,,Winter,
53681,,,Summer,
53682,,,Spring,
53683,,,Winter,
53684,,,Winter,
53685,,,Winter,
53686,,,Winter,
53687,,,Winter,
53688,,,Summer,
53689,,,Summer,
53692,,,Summer,
53695,,,Summer,
53696,,,Summer,
53698,,,Summer,
53702,,,Summer,
53706,,,Summer,
53708,,,Summer,
53710,,,Summer,
53715,,,Summer,
53719,,,Summer,
53720,,,Summer,
53723,,,Summer,
53724,,,Winter,
53725,,,Winter,
53726,,,Winter,
53727,,,Summer,
53729,,,Winter,
53731,,,Summer,
53732,,,Summer,
53734,,,Summer,
53735,,,Summer,
53737,,,Summer,
53738,,,Summer,
53740,,,Summer,
53741,,,Summer,
53742,,,Summer,
53743,,,Summer,
53744,,,Fall,
53745,,,Summer,
53747,,,Summer,
53748,,,Fall,
53749,,,Summer,
53750,,,Summer,
53751,,,Summer,
53752,,,Summer,
53753,,,Summer,
53754,,,Fall,
53755,,,Summer,
53756,,,Summer,
53757,,,Summer,
53759,,,Summer,
53760,,,Summer,
53761,,,Summer,
53762,,,Summer,
53763,,,Summer,
53764,,,Fall,
53765,,,Summer,
53766,,,Summer,
53767,,,Summer,
53768,,,Fall,
53770,,,Summer,
53771,,,Summer,
53772,,,Summer,
53773,,,Summer,
53774,,,Summer,
53775,,,Summer,
53776,,,Summer,
53777,,,Summer,
53778,,,Fall,
53779,,,Summer,
53780,,,Summer,
53781,,,Summer,
53782,,,Summer,
53783,,,Summer,
53784,,,Summer,
53785,,,Summer,
53786,,,Summer,
53787,,,Summer,
53788,,,Summer,
53791,,,Summer,
53793,,,Summer,
53794,,,Summer,
53795,,,Summer,
53796,,,Fall,
53797,,,Fall,
53798,,,Summer,
53799,,,Summer,
53800,,,Summer,
53801,,,Summer,
53802,,,Summer,
53803,,,Summer,
53804,,,Summer,
53805,,,Fall,
53806,,,Winter,
53807,,,Summer,
53808,,,Fall,
53809,,,Summer,
53810,,,Summer,
53811,,,Summer,
53812,,,Summer,
53813,,,Summer,
53814,,,Summer,
53815,,,Summer,
53816,,,Summer,
53817,,,Summer,
53818,,,Summer,
53819,,,Summer,
53820,,,Summer,
53822,,,Summer,
53823,,,Summer,
53824,,,Summer,
53825,,,Fall,
53826,,,Summer,
53829,,,Summer,
53830,,,Summer,
53832,,,Summer,
53833,,,Summer,
53834,,,Summer,
53835,,,Summer,
53836,,,Summer,
53837,,,Summer,
53838,,,Summer,
53839,,,Summer,
53840,,,Summer,
53841,,,Summer,
53842,,,Summer,
53843,,,Fall,
53849,,,Summer,
53850,,,Summer,
53851,,,Summer,
53852,,,Summer,
53856,,,Summer,
53857,,,Summer,
53859,,,Summer,
53861,,,Summer,
53863,,,Summer,
53864,,,Summer,
53866,,,Summer,
53867,,,Winter,
53868,,,Winter,
53869,,,Winter,
53870,,,Winter,
53871,,,Winter,
53872,,,Summer,
53873,,,Spring,
53874,,,Summer,
53875,,,Winter,
53876,,,Winter,
53877,,,Summer,
53878,,,Fall,
53879,,,Summer,
53880,,,Summer,
53881,,,Winter,
53882,,,Summer,
53883,,,Summer,
53884,,,Winter,
53886,,,Winter,
53887,,,Summer,
53888,,,Summer,
53889,,,Summer,
53890,,,Summer,
53891,,,Summer,
53892,,,Summer,
53893,,,Summer,
53894,,,Summer,
53895,,,Summer,
53896,,,Summer,
53897,,,Summer,
53900,,,Winter,
53902,,,Summer,
53905,,,Summer,
53907,,,Winter,
53911,,,Winter,
53914,,,Summer,
53918,,,Summer,
53921,,,Summer,
53927,,,Summer,
53928,,,Winter,
53930,,,Summer,
53931,,,Winter,
53934,,,Winter,
53935,,,Summer,
53941,,,Summer,
53942,,,Winter,
53943,,,Winter,
53944,,,Summer,
53946,,,Summer,
53961,,,Winter,
53963,,,Winter,
53964,,,Winter,
53979,,,Summer,
53981,,,Summer,
53985,,,Summer,
53990,,,Winter,
53991,,,Summer,
53994,,,Summer,
53997,,,Summer,
53999,,,Summer,
54000,,,Summer,
54002,,,Winter,
54003,,,Summer,
54007,,,Summer,
54008,,,Summer,
54009,,,Summer,
54014,,,Summer,
54016,,,Summer,
54017,,,Summer,
54018,,,Summer,
54019,,,Summer,
54020,,,Summer,
54031,,,Summer,
54032,,,Summer,
54033,,,Summer,
54035,,,Summer,
54036,,,Summer,
54040,,,Summer,
54041,,,Summer,
54049,,,Summer,
54050,,,Summer,
54051,,,Summer,
54052,,,Summer,
54053,,,Summer,
54054,,,Summer,
54055,,,Summer,
54056,,,Summer,
54057,,,Summer,
54058,,,Fall,
54059,,,Summer,
54060,,,Summer,
54061,,,Spring,
54062,,,Spring,
54063,,,Spring,
54064,,,Spring,
54065,,,Summer,
54066,,,Fall,
54068,,,Winter,
54069,,,Winter,
54070,,,Summer,
54071,,,Summer,
54072,,,Summer,
54073,,,Summer,
54076,,,Summer,
54077,,,Winter,
54078,,,Summer,
54079,,,Summer,
54080,,,Summer,
54081,,,Summer,
54082,,,Summer,
54083,,,Summer,
54084,,,Summer,
54086,,,Summer,
54087,,,Summer,
54088,,,Summer,
54089,,,Summer,
54090,,,Summer,
54095,,,Summer,
54103,,,Winter,
54104,,,Winter,
54105,,,Winter,
54106,,,Winter,
54107,,,Winter,
54108,,,Winter,
54109,,,Winter,
54110,,,Winter,
54111,,,Winter,
54112,,,Winter,
54113,,,Winter,
54114,,,Winter,
54115,,,Winter,
54116,,,Winter,
54117,,,Winter,
54118,,,Winter,
54119,,,Winter,
54120,,,Winter,
54121,,,Winter,
54122,,,Winter,
54123,,,Winter,
54124,,,Winter,
54125,,,Winter,
54126,,,Winter,
54127,,,Winter,
54128,,,Winter,
54129,,,Winter,
54130,,,Winter,
54131,,,Winter,
54132,,,Winter,
54133,,,Winter,
54134,,,Winter,
54135,,,Winter,
54136,,,Winter,
54137,,,Winter,
54138,,,Winter,
54139,,,Winter,
54140,,,Winter,
54141,,,Winter,
54142,,,Winter,
54143,,,Winter,
54144,,,Winter,
54145,,,Winter,
54146,,,Summer,
54147,,,Summer,
54148,,,Summer,
54149,,,Winter,
54150,,,Fall,
54151,,,Fall,
54152,,,Winter,
54153,,,Summer,
54154,,,Summer,
54155,,,Summer,
54156,,,Summer,
54157,,,Summer,
54158,,,Winter,
54159,,,Summer,
54160,,,Summer,
54161,,,Summer,
54162,,,Winter,
54163,,,Summer,
54164,,,Winter,
54165,,,Winter,
54166,,,Winter,
54167,,,Summer,
54168,,,Summer,
54169,,,Winter,
54170,,,Summer,
54171,,,Summer,
54172,,,Winter,
54173,,,Summer,
54174,,,Summer,
54175,,,Summer,
54176,,,Summer,
54177,,,Summer,
54178,,,Winter,
54182,,,Summer,
54183,,,Summer,
54185,,,Summer,
54186,,,Summer,
54187,,,Summer,
54188,,,Summer,
54189,,,Summer,
54192,,,Summer,
54194,,,Summer,
54200,,,Fall,
54202,,,Summer,
54225,,,Summer,
54226,,,Summer,
54228,,,Winter,
54229,,,Summer,
54252,,,Summer,
54280,,,Summer,
54302,,,Summer,
54303,,,Summer,
54304,,,Summer,
54305,,,Summer,
54306,,,Summer,
54307,,,Fall,
54311,,,Summer,
54318,,,Summer,
54319,,,Fall,
54320,,,Winter,
54325,,,Summer,
54326,,,Summer,
54327,,,Summer,
54328,,,Summer,
54329,,,Summer,
54330,,,Summer,
54332,,,Summer,
54334,,,Summer,
54338,,,Summer,
54339,,,Summer,
54340,,,Summer,
54341,,,Summer,
54342,,,Fall,
54343,,,Summer,
54344,,,Summer,
54345,,,Summer,
54346,,,Summer,
54375,,,Summer,
54380,,,Summer,
54381,,,Summer,
54382,,,Winter,
54383,,,Summer,
54384,,,Summer,
54385,,,Summer,
54386,,,Winter,
54387,,,Summer,
54388,,,Summer,
54389,,,Summer,
54390,,,Summer,
54391,,,Winter,
54392,,,Summer,
54393,,,Summer,
54394,,,Summer,
54395,,,Summer,
54396,,,Summer,
54397,,,Summer,
54398,,,Summer,
54399,,,Summer,
54400,,,Winter,
54401,,,Winter,
54402,,,Summer,
54403,,,Summer,
54404,,,Summer,
54405,,,Summer,
54406,,,Summer,
54407,,,Summer,
54408,,,Summer,
54409,,,Summer,
54410,,,Summer,
54411,,,Summer,
54412,,,Summer,
54475,,,Spring,
54476,,,Winter,
54477,,,Summer,
54478,,,Summer,
54479,,,Summer,
54480,,,Summer,
54481,,,Summer,
54482,,,Summer,
54483,,,Summer,
54484,,,Summer,
54485,,,Summer,
54486,,,Summer,
54487,,,Summer,
54488,,,Summer,
54489,,,Spring,
54490,,,Summer,
54491,,,Summer,
54492,,,Summer,
54493,,,Summer,
54494,,,Summer,
54495,,,Summer,
54496,,,Summer,
54497,,,Summer,
54498,,,Winter,
54499,,,Winter,
54500,,,Summer,
54501,,,Summer,
54502,,,Summer,
54503,,,Winter,
54504,,,Summer,
54505,,,Summer,
54506,,,Summer,
54507,,,Summer,
54508,,,Summer,
54509,,,Summer,
54510,,,Winter,
54511,,,Summer,
54512,,,Summer,
54513,,,Fall,
54514,,,Summer,
54515,,,Fall,
54516,,,Fall,
54517,,,Summer,
54518,,,Summer,
54519,,,Fall,
54520,,,Summer,
54521,,,Fall,
54522,,,Summer,
54523,,,Fall,
54524,,,Fall,
54525,,,Summer,
54526,,,Summer,
54527,,,Summer,
54528,,,Summer,
54529,,,Fall,
54530,,,Summer,
54533,,,Summer,
54534,,,Summer,
54535,,,Summer,
54536,,,Winter,
54537,,,Summer,
54538,,,Summer,
54539,,,Fall,
54540,,,Fall,
54541,,,Summer,
54542,,,Summer,
54543,,,Fall,
54544,,,Summer,
54545,,,Summer,
54546,,,Summer,
54547,,,Summer,
54548,,,Summer,
54549,,,Summer,
54550,,,Summer,
54551,,,Summer,
54553,,,Summer,
54554,,,Summer,
54555,,,Summer,
54556,,,Summer,
54557,,,Summer,
54558,,,Summer,
54559,,,Summer,
54561,,,Summer,
54562,,,Summer,
54563,,,Summer,
54564,,,Summer,
54565,,,Summer,
54566,,,Summer,
54567,,,Summer,
54568,,,Summer,
54569,,,Summer,
54570,,,Summer,
54571,,,Summer,
54572,,,Summer,
54573,,,Summer,
54574,,,Summer,
54575,,,Summer,
54576,,,Summer,
54577,,,Summer,
54578,,,Summer,
54579,,,Summer,
54580,,,Summer,
54581,,,Summer,
54582,,,Summer,
54584,,,Summer,
54585,,,Summer,
54586,,,Summer,
54587,,,Summer,
54588,,,Summer,
54589,,,Summer,
54590,,,Summer,
54595,,,Fall,
54596,,,Summer,
54597,,,Summer,
54598,,,Summer,
54599,,,Summer,
54600,,,Summer,
54601,,,Summer,
54602,,,Summer,
54603,,,Summer,
54604,,,Summer,
54605,,,Summer,
54606,,,Summer,
54607,,,Summer,
54608,,,Summer,
54609,,,Summer,
54610,,,Summer,
54611,,,Summer,
54612,,,Summer,
54613,,,Summer,
54614,,,Summer,
54615,,,Summer,
54616,,,Summer,
54617,,,Summer,
54618,,,Summer,
54619,,,Winter,
54620,,,Winter,
54621,,,Winter,
54622,,,Winter,
54623,,,Winter,
54625,,,Winter,
54626,,,Winter,
54627,,,Winter,
54628,,,Winter,
54629,,,Winter,
54630,,,Winter,
54631,,,Winter,
54632,,,Winter,
54633,,,Winter,
54634,,,Winter,
54635,,,Winter,
54636,,,Winter,
54637,,,Winter,
54638,,,Winter,
54639,,,Winter,
54640,,,Winter,
54641,,,Winter,
54642,,,Winter,
54643,,,Winter,
54644,,,Winter,
54645,,,Winter,
54646,,,Winter,
54647,,,Winter,
54648,,,Winter,
54649,,,Winter,
54650,,,Winter,
54651,,,Winter,
54652,,,Winter,
54653,,,Winter,
54654,,,Winter,
54655,,,Winter,
54656,,,Winter,
54657,,,Winter,
54658,,,Winter,
54659,,,Winter,
54660,,,Winter,
54661,,,Winter,
54662,,,Winter,
54663,,,Winter,
54664,,,Winter,
54665,,,Winter,
54666,,,Winter,
54667,,,Winter,
54668,,,Winter,
54669,,,Winter,
54670,,,Winter,
54671,,,Winter,
54672,,,Winter,
54674,,,Winter,
54675,,,Winter,
54676,,,Winter,
54677,,,Winter,
54678,,,Winter,
54679,,,Winter,
54680,,,Summer,
54681,,,Summer,
54682,,,Fall,
54683,,,Summer,
54684,,,Summer,
54685,,,Summer,
54686,,,Summer,
54687,,,Summer,
54688,,,Winter,
54689,,,Summer,
54690,,,Fall,
54691,,,Summer,
54692,,,Summer,
54693,,,Summer,
54694,,,Summer,
54695,,,Summer,
54696,,,Summer,
54697,,,Summer,
54698,,,Summer,
54699,,,Summer,
54700,,,Summer,
54702,,,Summer,
54703,,,Summer,
54704,,,Summer,
54705,,,Summer,
54706,,,Summer,
54708,,,Summer,
54710,,,Summer,
54711,,,Summer,
54712,,,Summer,
54713,,,Winter,
54714,,,Summer,
54715,,,Summer,
54716,,,Summer,
54717,,,Summer,
54718,,,Summer,
54719,,,Summer,
54720,,,Summer,
54721,,,Summer,
54722,,,Summer,
54723,,,Summer,
54724,,,Summer,
54725,,,Summer,
54726,,,Summer,
54727,,,Summer,
54728,,,Summer,
54729,,,Summer,
54730,,,Summer,
54731,,,Summer,
54732,,,Summer,
54733,,,Summer,
54734,,,Summer,
54735,,,Summer,
54736,,,Summer,
54737,,,Summer,
54738,,,Summer,
54739,,,Summer,
54740,,,Summer,
54741,,,Summer,
54742,,,Summer,
54744,,,Summer,
54767,,,Summer,
54792,,,Summer,
54794,,,Fall,
54796,,,Summer,
54800,,,Summer,
54804,,,Summer,
54805,,,Summer,
54807,,,Summer,
54808,,,Summer,
54812,,,Fall,
54813,,,Summer,
54819,,,Winter,
54823,,,Summer,
54827,,,Summer,
54828,,,Summer,
54829,,,Summer,
54831,,,Summer,
54834,,,Summer,
54836,,,Summer,
54838,,,Summer,
54842,,,Winter,
54849,,,Summer,
54850,,,Winter,
54851,,,Summer,
54852,,,Winter,
54853,,,Winter,
54854,,,Winter,
54856,,,Winter,
54857,,,Summer,
54858,,,Summer,
54859,,,Summer,
54860,,,Summer,
54861,,,Winter,
54862,,,Winter,
54863,,,Fall,
54864,,,Summer,
54865,,,Spring,
54866,,,Summer,
54867,,,Summer,
54868,,,Summer,
54869,,,Summer,
54870,,,Summer,
54871,,,Summer,
54872,,,Winter,
54873,,,Fall,
54874,,,Winter,
54875,,,Winter,
54876,,,Fall,
54877,,,Summer,
54878,,,Winter,
54879,,,Summer,
54880,,,Winter,
54881,,,Winter,
54882,,,Summer,
54883,,,Summer,
54884,,,Fall,
54885,,,Summer,
54886,,,Summer,
54888,,,Fall,
54889,,,Fall,
54890,,,Summer,
54891,,,Fall,
54894,,,Summer,
54896,,,Summer,
54897,,,Summer,
54899,,,Summer,
54900,,,Summer,
54901,,,Fall,
54902,,,Summer,
54903,,,Summer,
54904,,,Summer,
54905,,,Summer,
54906,,,Summer,
54907,,,Summer,
54908,,,Summer,
54909,,,Fall,
54911,,,Summer,
54913,,,Summer,
54914,,,Summer,
54915,,,Summer,
54918,,,Summer,
54919,,,Summer,
54921,,,Summer,
54923,,,Summer,
54924,,,Summer,
54925,,,Summer,
54926,,,Summer,
54927,,,Summer,
54928,,,Summer,
54929,,,Summer,
54930,,,Summer,
54931,,,Summer,
54932,,,Summer,
54933,,,Summer,
54934,,,Summer,
54935,,,Summer,
54936,,,Summer,
54937,,,Summer,
54938,,,Summer,
54939,,,Summer,
54940,,,Summer,
54941,,,Summer,
54942,,,Summer,
54943,,,Summer,
54944,,,Summer,
54945,,,Summer,
54946,,,Summer,
54947,,,Summer,
54948,,,Summer,
54949,,,Summer,
54950,,,Fall,
54951,,,Fall,
54953,,,Summer,
54954,,,Summer,
54955,,,Summer,
54957,,,Summer,
54958,,,Summer,
54959,,,Summer,
54960,,,Summer,
54961,,,Summer,
54964,,,Summer,
54965,,,Summer,
54966,,,Summer,
54967,,,Spring,
54968,,,Spring,
54969,,,Spring,
54970,,,Spring,
54971,,,Summer,
54972,,,Summer,
54973,,,Summer,
54974,,,Summer,
54975,,,Summer,
54976,,,Summer,
54977,,,Summer,
54978,,,Summer,
54979,,,Summer,
54980,,,Summer,
54981,,,Summer,
54982,,,Summer,
54983,,,Summer,
54984,,,Summer,
54985,,,Summer,
54986,,,Summer,
54987,,,Summer,
54988,,,Summer,
54989,,,Summer,
54990,,,Summer,
54991,,,Summer,
54992,,,Summer,
54993,,,Summer,
54995,,,Spring,
54997,,,Fall,
55000,,,Spring,
55001,,,Spring,
55002,,,Spring,
55003,,,Spring,
55004,,,Winter,
55005,,,Spring,
55006,,,Spring,
55007,,,Spring,
55008,,,Spring,
55009,,,Spring,
55010,,,Spring,
55012,,,Spring,
55013,,,Spring,
55015,,,Spring,
55016,,,Spring,
55018,,,Spring,
55020,,,Spring,
55021,,,Spring,
55022,,,Spring,
55023,,,Spring,
55024,,,Spring,
55025,,,Spring,
55026,,,Spring,
55027,,,Spring,
55028,,,Spring,
55029,,,Spring,
55030,,,Spring,
55031,,,Spring,
55032,,,Spring,
55033,,,Spring,
55034,,,Spring,
55035,,,Spring,
55036,,,Spring,
55037,,,Spring,
55038,,,Spring,
55039,,,Spring,
55040,,,Fall,
55041,,,Spring,
55042,,,Spring,
55043,,,Spring,
55044,,,Spring,
55045,,,Spring,
55046,,,Spring,
55047,,,Summer,
55048,,,Spring,
55049,,,Spring,
55050,,,Spring,
55051,,,Spring,
55052,,,Spring,
55053,,,Spring,
55054,,,Spring,
55055,,,Spring,
55056,,,Spring,
55057,,,Fall,
55058,,,Spring,
55059,,,Spring,
55060,,,Spring,
55061,,,Spring,
55062,,,Spring,
55063,,,Spring,
55064,,,Spring,
55065,,,Spring,
55066,,,Spring,
55067,,,Spring,
55068,,,Spring,
55069,,,Spring,
55070,,,Spring,
55071,,,Spring,
55072,,,Spring,
55073,,,Summer,
55074,,,Spring,
55075,,,Spring,
55078,,,Summer,
55079,,,Summer,
55080,,,Summer,
55081,,,Spring,
55083,,,Summer,
55086,,,Spring,
55087,,,Winter,
55089,,,Summer,
55090,,,Summer,
55093,,,Winter,
55094,,,Spring,
55095,,,Spring,
55097,,,Spring,
55098,,,Summer,
55099,,,Spring,
55100,,,Summer,
55101,,,Summer,
55107,,,Summer,
55108,,,Winter,
55109,,,Summer,
55110,,,Summer,
55111,,,Summer,
55112,,,Summer,
55113,,,Summer,
55114,,,Summer,
55115,,,Summer,
55116,,,Summer,
55117,,,Summer,
55118,,,Summer,
55119,,,Summer,
55120,,,Spring,
55121,,,Spring,
55122,,,Spring,
55123,,,Winter,
55124,,,Spring,
55125,,,Spring,
55126,,,Spring,
55127,,,Spring,
55128,,,Spring,
55129,,,Spring,
55130,,,Spring,
55131,,,Spring,
55132,,,Spring,
55133,,,Spring,
55134,,,Spring,
55135,,,Spring,
55136,,,Spring,
55137,,,Spring,
55138,,,Spring,
55139,,,Spring,
55140,,,Fall,
55141,,,Spring,
55142,,,Spring,
55143,,,Spring,
55144,,,Spring,
55145,,,Spring,
55146,,,Spring,
55147,,,Spring,
55148,,,Spring,
55149,,,Spring,
55150,,,Spring,
55151,,,Spring,
55152,,,Spring,
55153,,,Spring,
55154,,,Spring,
55155,,,Spring,
55156,,,Spring,
55157,,,Spring,
55158,,,Spring,
55159,,,Spring,
55160,,,Spring,
55161,,,Spring,
55162,,,Spring,
55163,,,Spring,
55164,,,Spring,
55165,,,Spring,
55166,,,Spring,
55168,,,Spring,
55170,,,Spring,
55172,,,Spring,
55173,,,Spring,
55175,,,Spring,
55177,,,Spring,
55179,,,Spring,
55180,,,Spring,
55181,,,Spring,
55184,,,Spring,
55185,,,Spring,
55186,,,Spring,
55187,,,Spring,
55190,,,Spring,
55191,,,Spring,
55192,,,Spring,
55194,,,Summer,
55195,,,Spring,
55196,,,Spring,
55197,,,Spring,
55198,,,Spring,
55200,,,Winter,
55201,,,Winter,
55202,,,Summer,
55203,,,Summer,
55205,,,Summer,
55206,,,Summer,
55208,,,Summer,
55209,,,Summer,
55210,,,Summer,
55211,,,Spring,
55212,,,Summer,
55213,,,Spring,
55214,,,Summer,
55215,,,Spring,
55216,,,Spring,
55217,,,Spring,
55218,,,Spring,
55219,,,Summer,
55220,,,Summer,
55221,,,Summer,
55222,,,Spring,
55223,,,Spring,
55224,,,Spring,
55225,,,Spring,
55226,,,Spring,
55227,,,Spring,
55228,,,Spring,
55229,,,Spring,
55230,,,Winter,
55231,,,Winter,
55232,,,Winter,
55233,,,Summer,
55234,,,Spring,
55235,,,Spring,
55236,,,Spring,
55237,,,Spring,
55238,,,Spring,
55239,,,Spring,
55240,,,Spring,
55241,,,Spring,
55242,,,Spring,
55243,,,Spring,
55244,,,Summer,
55245,,,Summer,
55246,,,Summer,
55247,,,Summer,
55248,,,Summer,
55249,,,Summer,
55250,,,Summer,
55251,,,Summer,
55252,,,Spring,
55253,,,Spring,
55254,,,Spring,
55255,,,Spring,
55256,,,Spring,
55257,,,Spring,
55258,,,Spring,
55259,,,Spring,
55260,,,Spring,
55261,,,Spring,
55262,,,Spring,
55263,,,Spring,
55264,,,Spring,
55265,,,Spring,
55266,,,Spring,
55267,,,Spring,
55268,,,Spring,
55269,,,Spring,
55270,,,Summer,
55271,,,Spring,
55272,,,Spring,
55273,,,Spring,
55274,,,Spring,
55275,,,Summer,
55276,,,Summer,
55277,,,Summer,
55278,,,Summer,
55280,,,Summer,
55281,,,Winter,
55282,,,Winter,
55283,,,Winter,
55284,,,Winter,
55285,,,Summer,
55286,,,Summer,
55287,,,Summer,
55288,,,Summer,
55289,,,Summer,
55290,,,Spring,
55291,,,Summer,
55292,,,Summer,
55293,,,Summer,
55294,,,Spring,
55295,,,Summer,
55296,,,Summer,
55297,,,Summer,
55298,,,Summer,
55299,,,Summer,
55300,,,Spring,
55301,,,Spring,
55306,,,Summer,
55307,,,Summer,
55314,,,Summer,
55315,,,Summer,
55316,,,Summer,
55317,,,Summer,
55318,,,Summer,
55319,,,Spring,
55320,,,Summer,
55321,,,Spring,
55322,,,Summer,
55323,,,Summer,
55324,,,Summer,
55325,,,Summer,
55326,,,Summer,
55328,,,Spring,
55329,,,Summer,
55330,,,Summer,
55331,,,Winter,
55332,,,Summer,
55333,,,Summer,
55334,,,Winter,
55335,,,Winter,
55336,,,Summer,
55337,,,Spring,
55338,,,Spring,
55339,,,Spring,
55344,,,Spring,
55347,,,Spring,
55349,,,Summer,
55350,,,Summer,
55351,,,Spring,
55352,,,Spring,
55354,,,Spring,
55357,,,Spring,
55358,,,Spring,
55359,,,Spring,
55361,,,Spring,
55362,,,Spring,
55363,,,Spring,
55364,,,Spring,
55365,,,Spring,
55366,,,Spring,
55368,,,Spring,
55369,,,Spring,
55370,,,Spring,
55373,,,Spring,
55375,,,Spring,
55376,,,Spring,
55377,,,Spring,
55378,,,Spring,
55379,,,Spring,
55380,,,Spring,
55381,,,Spring,
55382,,,Spring,
55383,,,Spring,
55384,,,Spring,
55385,,,Spring,
55387,,,Spring,
55388,,,Spring,
55389,,,Spring,
55390,,,Spring,
55391,,,Spring,
55392,,,Spring,
55394,,,Spring,
55395,,,Spring,
55396,,,Spring,
55397,,,Fall,
55398,,,Summer,
55399,,,Summer,
55400,,,Spring,
55402,,,Spring,
55407,,,Spring,
55408,,,Spring,
55409,,,Spring,
55410,,,Spring,
55418,,,Spring,
55419,,,Spring,
55420,,,Spring,
55421,,,Spring,
55423,,,Spring,
55424,,,Spring,
55425,,,Spring,
55426,,,Spring,
55427,,,Spring,
55428,,,Spring,
55429,,,Spring,
55430,,,Summer,
55431,,,Fall,
55432,,,Summer,
55433,,,Summer,
55434,,,Fall,
55436,,,Fall,
55437,,,Fall,
55438,,,Summer,
55439,,,Summer,
55440,,,Summer,
55441,,,Summer,
55442,,,Summer,
55443,,,Spring,
55444,,,Spring,
55445,,,Spring,
55446,,,Spring,
55447,,,Spring,
55448,,,Spring,
55449,,,Spring,
55450,,,Spring,
55451,,,Spring,
55454,,,Spring,
55455,,,Spring,
55456,,,Summer,
55457,,,Spring,
55458,,,Spring,
55459,,,Summer,
55460,,,Spring,
55461,,,Summer,
55462,,,Spring,
55463,,,Spring,
55464,,,Spring,
55465,,,Spring,
55466,,,Summer,
55467,,,Summer,
55468,,,Spring,
55469,,,Spring,
55470,,,Spring,
55471,,,Summer,
55472,,,Summer,
55473,,,Spring,
55474,,,Spring,
55475,,,Spring,
55476,,,Spring,
55477,,,Spring,
55478,,,Spring,
55479,,,Spring,
55480,,,Spring,
55482,,,Spring,
55485,,,Spring,
55486,,,Spring,
55487,,,Spring,
55488,,,Spring,
55489,,,Summer,
55490,,,Summer,
55491,,,Spring,
55492,,,Spring,
55493,,,Spring,
55494,,,Summer,
55495,,,Summer,
55496,,,Summer,
55497,,,Summer,
55498,,,Summer,
55499,,,Summer,
55500,,,Spring,
55501,,,Spring,
55502,,,Spring,
55503,,,Spring,
55504,,,Spring,
55505,,,Spring,
55506,,,Spring,
55507,,,Spring,
55508,,,Spring,
55509,,,Spring,
55510,,,Spring,
55511,,,Spring,
55512,,,Spring,
55513,,,Summer,
55514,,,Summer,
55516,,,Summer,
55517,,,Spring,
55518,,,Summer,
55519,,,Summer,
55520,,,Summer,
55521,,,Spring,
55522,,,Spring,
55523,,,Summer,
55524,,,Summer,
55525,,,Summer,
55526,,,Summer,
55527,,,Spring,
55528,,,Spring,
55529,,,Spring,
55530,,,Spring,
55531,,,Spring,
55532,,,Spring,
55533,,,Spring,
55534,,,Spring,
55535,,,Summer,
55536,,,Summer,
55537,,,Summer,
55538,,,Summer,
55539,,,Summer,
55540,,,Summer,
55541,,,Spring,
55542,,,Spring,
55543,,,Spring,
55544,,,Spring,
55545,,,Spring,
55546,,,Spring,
55547,,,Spring,
55548,,,Spring,
55549,,,Spring,
55550,,,Spring,
55551,,,Spring,
55553,,,Spring,
55556,,,Spring,
55557,,,Spring,
55558,,,Spring,
55559,,,Spring,
55560,,,Spring,
55561,,,Summer,
55564,,,Spring,
55565,,,Spring,
55568,,,Spring,
55569,,,Summer,
55570,,,Spring,
55571,,,Spring,
55572,,,Summer,
55573,,,Summer,
55574,,,Summer,
55575,,,Winter,
55576,,,Summer,
55577,,,Summer,
55578,,,Spring,
55579,,,Spring,
55580,,,Spring,
55581,,,Summer,
55582,,,Summer,
55583,,,Spring,
55584,,,Summer,
55585,,,Summer,
55586,,,Summer,
55587,,,Spring,
55590,,,Summer,
55591,,,Fall,
55595,,,Summer,
55597,,,Fall,
55599,,,Summer,
55608,,,Summer,
55612,,,Summer,
55613,,,Summer,
55614,,,Fall,
55615,,,Summer,
55616,,,Winter,
55617,,,Summer,
55618,,,Summer,
55619,,,Winter,
55620,,,Winter,
55621,,,Winter,
55622,,,Winter,
55623,,,Winter,
55624,,,Winter,
55625,,,Winter,
55626,,,Summer,
55627,,,Summer,
55628,,,Winter,
55629,,,Fall,
55630,,,Winter,
55631,,,Winter,
55632,,,Winter,
55633,,,Winter,
55634,,,Winter,
55635,,,Winter,
55636,,,Winter,
55637,,,Winter,
55638,,,Winter,
55639,,,Winter,
55640,,,Winter,
55641,,,Summer,
55642,,,Winter,
55643,,,Winter,
55644,,,Winter,
55645,,,Winter,
55646,,,Winter,
55647,,,Winter,
55648,,,Winter,
55649,,,Winter,
55650,,,Winter,
55651,,,Winter,
55652,,,Winter,
55653,,,Winter,
55654,,,Winter,
55655,,,Summer,
55656,,,Winter,
55657,,,Winter,
55783,,,Summer,
55784,,,Summer,
55785,,,Summer,
55786,,,Summer,
55787,,,Summer,
55788,,,Summer,
55789,,,Summer,
55790,,,Summer,
55791,,,Summer,
55794,,,Summer,
55795,,,Summer,
55796,,,Summer,
55797,,,Summer,
55798,,,Summer,
55799,,,Summer,
55800,,,Summer,
55801,,,Summer,
55802,,,Summer,
55803,,,Summer,
55804,,,Summer,
55805,,,Summer,
55806,,,Summer,
55807,,,Summer,
55809,,,Summer,
55810,,,Summer,
55811,,,Fall,
55812,,,Summer,
55813,,,Summer,
55814,,,Fall,
55817,,,Summer,
55818,,,Summer,
55819,,,Winter,
55821,,,Summer,
55822,,,Summer,
55823,,,Summer,
55824,,,Summer,
55825,,,Summer,
55826,,,Summer,
55827,,,Summer,
55828,,,Summer,
55829,,,Fall,
55830,,,Summer,
55831,,,Summer,
55832,,,Summer,
55833,,,Spring,
55834,,,Summer,
55835,,,Spring,
55836,,,Spring,
55837,,,Spring,
55838,,,Spring,
55839,,,Spring,
55840,,,Spring,
55841,,,Spring,
55842,,,Spring,
55843,,,Spring,
55844,,,Spring,
55845,,,Spring,
55846,,,Spring,
55847,,,Spring,
55848,,,Winter,
55849,,,Spring,
55850,,,Spring,
55851,,,Spring,
55852,,,Spring,
55853,,,Spring,
55854,,,Spring,
55855,,,Spring,
55856,,,Spring,
55857,,,Spring,
55858,,,Spring,
55859,,,Spring,
55860,,,Spring,
55861,,,Spring,
55862,,,Spring,
55863,,,Spring,
55864,,,Spring,
55865,,,Spring,
55866,,,Fall,
55867,,,Winter,
55868,,,Spring,
55869,,,Winter,
55870,,,Spring,
55871,,,Spring,
55872,,,Spring,
55873,,,Spring,
55874,,,Spring,
55875,,,Spring,
55876,,,Spring,
55877,,,Spring,
55878,,,Spring,
55879,,,Spring,
55880,,,Spring,
55881,,,Spring,
55882,,,Spring,
55883,,,Spring,
55884,,,Spring,
55885,,,Spring,
55886,,,Spring,
55887,,,Spring,
55888,,,Spring,
55889,,,Spring,
55890,,,Spring,
55891,,,Spring,
55892,,,Spring,
55893,,,Spring,
55894,,,Spring,
55895,,,Spring,
55896,,,Spring,
55897,,,Spring,
55898,,,Fall,
55899,,,Spring,
55900,,,Spring,
55901,,,Winter,
55902,,,Winter,
55903,,,Spring,
55904,,,Winter,
55905,,,Winter,
55906,,,Spring,
55907,,,Spring,
55909,,,Spring,
55910,,,Spring,
55911,,,Spring,
55912,,,Spring,
55913,,,Spring,
55914,,,Spring,
55915,,,Spring,
55916,,,Spring,
55917,,,Spring,
55918,,,Spring,
55919,,,Spring,
55920,,,Spring,
55921,,,Spring,
55922,,,Spring,
55923,,,Spring,
55924,,,Spring,
55925,,,Spring,
55926,,,Spring,
55927,,,Spring,
55928,,,Spring,
55929,,,Spring,
55930,,,Spring,
55931,,,Spring,
55932,,,Spring,
55933,,,Spring,
55935,,,Spring,
55936,,,Spring,
55937,,,Spring,
55938,,,Spring,
55939,,,Spring,
55940,,,Winter,
55941,,,Spring,
55942,,,Spring,
55943,,,Spring,
55944,,,Spring,
55945,,,Spring,
55946,,,Spring,
55947,,,Spring,
55948,,,Spring,
55949,,,Spring,
55950,,,Spring,
55951,,,Spring,
55952,,,Spring,
55953,,,Summer,
55954,,,Spring,
55955,,,Spring,
55956,,,Spring,
55957,,,Spring,
55958,,,Summer,
55959,,,Summer,
55960,,,Spring,
55961,,,Spring,
55962,,,Spring,
55963,,,Spring,
55964,,,Spring,
55965,,,Summer,
55966,,,Spring,
55967,,,Summer,
55968,,,Summer,
55969,,,Summer,
55970,,,Fall,
55971,,,Summer,
55972,,,Summer,
55973,,,Spring,
55974,,,Spring,
55975,,,Summer,
55976,,,Summer,
55977,,,Spring,
55978,,,Spring,
55979,,,Spring,
55980,,,Fall,
55981,,,Spring,
55982,,,Summer,
55983,,,Fall,
55984,,,Summer,
55985,,,Summer,
55986,,,Summer,
55987,,,Summer,
55988,,,Summer,
55989,,,Spring,
55990,,,Summer,
55991,,,Spring,
55992,,,Spring,
55993,,,Summer,
55994,,,Summer,
55995,,,Summer,
55996,,,Summer,
55997,,,Spring,
55998,,,Summer,
55999,,,Summer,
56000,,,Summer,
56001,,,Summer,
56002,,,Summer,
56003,,,Summer,
56004,,,Spring,
56005,,,Summer,
56006,,,Spring,
56007,,,Fall,
56008,,,Spring,
56009,,,Spring,
56010,,,Summer,
56011,,,Spring,
56012,,,Summer,
56013,,,Summer,
56014,,,Spring,
56015,,,Spring,
56016,,,Fall,
56017,,,Spring,
56018,,,Summer,
56019,,,Spring,
56020,,,Fall,
56021,,,Spring,
56022,,,Summer,
56023,,,Fall,
56024,,,Spring,
56025,,,Spring,
56026,,,Spring,
56027,,,Winter,
56028,,,Summer,
56029,,,Summer,
56030,,,Spring,
56031,,,Spring,
56032,,,Summer,
56033,,,Fall,
56034,,,Spring,
56035,,,Fall,
56036,,,Spring,
56037,,,Spring,
56038,,,Spring,
56039,,,Spring,
56040,,,Fall,
56041,,,Spring,
56042,,,Spring,
56043,,,Summer,
56044,,,Summer,
56045,,,Summer,
56046,,,Summer,
56047,,,Spring,
56048,,,Spring,
56049,,,Spring,
56050,,,Winter,
56051,,,Spring,
56052,,,Fall,
56053,,,Summer,
56054,,,Fall,
56055,,,Summer,
56056,,,Fall,
56057,,,Fall,
56058,,,Fall,
56059,,,Summer,
56060,,,Fall,
56061,,,Fall,
56062,,,Summer,
56063,,,Spring,
56064,,,Fall,
56065,,,Summer,
56066,,,Summer,
56067,,,Fall,
56068,,,Summer,
56069,,,Summer,
56070,,,Spring,
56071,,,Spring,
56072,,,Spring,
56073,,,Spring,
56074,,,Summer,
56075,,,Spring,
56076,,,Summer,
56077,,,Winter,
56078,,,Spring,
56079,,,Summer,
56080,,,Spring,
56081,,,Spring,
56082,,,Fall,
56083,,,Summer,
56084,,,Spring,
56085,,,Fall,
56086,,,Fall,
56087,,,Summer,
56088,,,Summer,
56089,,,Summer,
56090,,,Summer,
56091,,,Summer,
56092,,,Fall,
56093,,,Summer,
56094,,,Spring,
56095,,,Spring,
56096,,,Summer,
56097,,,Summer,
56098,,,Summer,
56099,,,Fall,
56100,,,Summer,
56101,,,Summer,
56102,,,Winter,
56103,,,Summer,
56104,,,Summer,
56105,,,Summer,
56106,,,Fall,
56107,,,Fall,
56108,,,Summer,
56109,,,Summer,
56110,,,Summer,
56111,,,Winter,
56112,,,Summer,
56113,,,Summer,
56114,,,Summer,
56115,,,Summer,
56116,,,Summer,
56117,,,Summer,
56118,,,Summer,
56119,,,Winter,
56120,,,Winter,
56121,,,Spring,
56122,,,Summer,
56123,,,Summer,
56124,,,Summer,
56125,,,Winter,
56126,,,Summer,
56127,,,Spring,
56128,,,Spring,
56129,,,Spring,
56133,,,Summer,
56134,,,Summer,
56135,,,Summer,
56136,,,Summer,
56137,,,Winter,
56138,,,Summer,
56139,,,Winter,
56140,,,Summer,
56141,,,Winter,
56142,,,Fall,
56143,,,Summer,
56144,,,Summer,
56145,,,Summer,
56146,,,Summer,
56147,,,Winter,
56148,,,Summer,
56149,,,Summer,
56150,,,Fall,
56151,,,Summer,
56152,,,Spring,
56153,,,Summer,
56154,,,Spring,
56155,,,Spring,
56156,,,Summer,
56157,,,Spring,
56158,,,Spring,
56159,,,Spring,
56160,,,Winter,
56161,,,Spring,
56162,,,Summer,
56164,,,Spring,
56165,,,Summer,
56166,,,Spring,
56167,,,Spring,
56168,,,Spring,
56170,,,Summer,
56171,,,Fall,
56172,,,Spring,
56173,,,Summer,
56174,,,Summer,
56175,,,Summer,
56176,,,Winter,
56177,,,Winter,
56178,,,Winter,
56179,,,Winter,
56180,,,Summer,
56181,,,Summer,
56182,,,Summer,
56183,,,Summer,
56184,,,Summer,
56185,,,Summer,
56186,,,Winter,
56187,,,Winter,
56188,,,Fall,
56189,,,Summer,
56190,,,Summer,
56191,,,Summer,
56192,,,Summer,
56193,,,Summer,
56194,,,Summer,
56195,,,Summer,
56196,,,Summer,
56198,,,Summer,
56199,,,Fall,
56201,,,Winter,
56202,,,Summer,
56203,,,Summer,
56205,,,Summer,
56206,,,Summer,
56207,,,Winter,
56208,,,Summer,
56209,,,Summer,
56210,,,Summer,
56211,,,Summer,
56212,,,Winter,
56213,,,Summer,
56214,,,Summer,
56215,,,Summer,
56216,,,Summer,
56217,,,Winter,
56218,,,Winter,
56219,,,Summer,
56220,,,Winter,
56221,,,Summer,
56222,,,Summer,
56223,,,Summer,
56224,,,Summer,
56225,,,Summer,
56226,,,Summer,
56227,,,Summer,
56228,,,Fall,
56229,,,Summer,
56230,,,Summer,
56231,,,Summer,
56232,,,Summer,
56233,,,Summer,
56234,,,Summer,
56235,,,Summer,
56236,,,Summer,
56237,,,Summer,
56238,,,Summer,
56239,,,Summer,
56240,,,Summer,
56241,,,Summer,
56243,,,Summer,
56244,,,Summer,
56245,,,Summer,
56247,,,Summer,
56248,,,Summer,
56249,,,Summer,
56250,,,Winter,
56251,,,Summer,
56252,,,Summer,
56253,,,Summer,
56254,,,Summer,
56255,,,Summer,
56256,,,Summer,
56257,,,Summer,
56258,,,Fall,
56260,,,Summer,
56261,,,Summer,
56262,,,Summer,
56263,,,Summer,
56265,,,Summer,
56266,,,Summer,
56267,,,Summer,
56268,,,Fall,
56269,,,Summer,
56270,,,Summer,
56271,,,Summer,
56272,,,Summer,
56273,,,Fall,
56274,,,Summer,
56275,,,Summer,
56276,,,Fall,
56277,,,Summer,
56278,,,Summer,
56279,,,Summer,
56280,,,Summer,
56281,,,Summer,
56282,,,Summer,
56283,,,Summer,
56284,,,Summer,
56285,,,Summer,
56286,,,Fall,
56287,,,Summer,
56288,,,Summer,
56289,,,Summer,
56290,,,Summer,
56291,,,Summer,
56292,,,Fall,
56293,,,Summer,
56294,,,Summer,
56295,,,Winter,
56296,,,Summer,
56297,,,Summer,
56298,,,Spring,
56299,,,Summer,
56300,,,Summer,
56301,,,Summer,
56302,,,Fall,
56303,,,Summer,
56304,,,Summer,
56305,,,Summer,
56306,,,Fall,
56307,,,Summer,
56308,,,Summer,
56309,,,Summer,
56310,,,Summer,
56311,,,Summer,
56312,,,Winter,
56313,,,Winter,
56314,,,Winter,
56315,,,Winter,
56316,,,Winter,
56317,,,Winter,
56318,,,Winter,
56319,,,Winter,
56320,,,Winter,
56321,,,Winter,
56322,,,Winter,
56323,,,Winter,
56324,,,Winter,
56326,,,Winter,
56327,,,Winter,
56329,,,Winter,
56330,,,Winter,
56331,,,Winter,
56332,,,Winter,
56333,,,Winter,
56335,,,Winter,
56336,,,Winter,
56337,,,Winter,
56338,,,Winter,
56339,,,Winter,
56340,,,Winter,
56341,,,Winter,
56342,,,Winter,
56343,,,Winter,
56344,,,Winter,
56346,,,Winter,
56348,,,Winter,
56349,,,Spring,
56351,,,Spring,
56352,,,Spring,
56353,,,Spring,
56354,,,Spring,
56355,,,Summer,
56356,,,Fall,
56359,,,Spring,
56360,,,Spring,
56361,,,Spring,
56362,,,Spring,
56363,,,Spring,
56364,,,Spring,
56365,,,Spring,
56366,,,Spring,
56367,,,Spring,
56368,,,Spring,
56375,,,Spring,
56376,,,Spring,
56377,,,Winter,
56378,,,Summer,
56379,,,Spring,
56380,,,Spring,
56381,,,Spring,
56385,,,Spring,
56386,,,Spring,
56388,,,Spring,
56389,,,Fall,
56390,,,Summer,
56391,,,Spring,
56392,,,Spring,
56393,,,Spring,
56394,,,Spring,
56395,,,Spring,
56402,,,Winter,
56403,,,Winter,
56404,,,Fall,
56405,,,Winter,
56406,,,Winter,
56407,,,Winter,
56410,,,Fall,
56411,,,Summer,
56412,,,Winter,
56413,,,Winter,
56414,,,Winter,
56415,,,Summer,
56416,,,Fall,
56417,,,Summer,
56418,,,Summer,
56419,,,Summer,
56420,,,Summer,
56421,,,Summer,
56422,,,Summer,
56423,,,Summer,
56424,,,Spring,
56425,,,Summer,
56427,,,Summer,
56428,,,Summer,
56429,,,Summer,
56432,,,Summer,
56436,,,Spring,
56440,,,Spring,
56443,,,Spring,
56444,,,Spring,
56446,,,Spring,
56447,,,Spring,
56448,,,Spring,
56450,,,Spring,
56451,,,Spring,
56452,,,Spring,
56454,,,Spring,
56455,,,Spring,
56456,,,Spring,
56458,,,Spring,
56460,,,Spring,
56461,,,Spring,
56462,,,Spring,
56463,,,Spring,
56464,,,Spring,
56465,,,Spring,
56466,,,Spring,
56467,,,Spring,
56468,,,Spring,
56469,,,Spring,
56470,,,Spring,
56471,,,Spring,
56472,,,Spring,
56473,,,Spring,
56474,,,Spring,
56475,,,Spring,
56476,,,Spring,
56477,,,Spring,
56478,,,Spring,
56479,,,Spring,
56480,,,Spring,
56481,,,Spring,
56482,,,Spring,
56483,,,Spring,
56484,,,Spring,
56485,,,Spring,
56486,,,Spring,
56488,,,Spring,
56489,,,Spring,
56490,,,Spring,
56491,,,Spring,
56492,,,Winter,
56493,,,Spring,
56494,,,Spring,
56495,,,Spring,
56496,,,Spring,
56497,,,Spring,
56498,,,Spring,
56499,,,Spring,
56500,,,Spring,
56501,,,Spring,
56502,,,Spring,
56503,,,Spring,
56504,,,Spring,
56505,,,Spring,
56506,,,Spring,
56507,,,Spring,
56508,,,Spring,
56509,,,Fall,
56511,,,Fall,
56512,,,Fall,
56513,,,Summer,
56515,,,Spring,
56516,,,Spring,
56517,,,Spring,
56518,,,Spring,
56519,,,Spring,
56520,,,Fall,
56521,,,Fall,
56522,,,Fall,
56523,,,Fall,
56524,,,Fall,
56525,,,Fall,
56526,,,Fall,
56527,,,Summer,
56528,,,Summer,
56529,,,Fall,
56530,,,Fall,
56531,,,Fall,
56532,,,Fall,
56533,,,Fall,
56534,,,Fall,
56535,,,Fall,
56536,,,Fall,
56537,,,Fall,
56539,,,Fall,
56540,,,Fall,
56541,,,Fall,
56542,,,Spring,
56543,,,Summer,
56544,,,Spring,
56545,,,Spring,
56546,,,Winter,
56547,,,Summer,
56548,,,Spring,
56549,,,Spring,
56550,,,Spring,
56551,,,Spring,
56553,,,Spring,
56554,,,Spring,
56555,,,Spring,
56556,,,Spring,
56558,,,Spring,
56559,,,Spring,
56560,,,Spring,
56561,,,Spring,
56562,,,Spring,
56563,,,Spring,
56564,,,Spring,
56565,,,Spring,
56566,,,Spring,
56568,,,Summer,
56569,,,Summer,
56570,,,Summer,
56571,,,Summer,
56572,,,Summer,
56573,,,Summer,
56574,,,Winter,
56575,,,Spring,
56576,,,Summer,
56579,,,Spring,
56580,,,Spring,
56581,,,Winter,
56582,,,Winter,
56583,,,Spring,
56584,,,Fall,
56585,,,Winter,
56588,,,Summer,
56590,,,Summer,
56591,,,Summer,
56592,,,Summer,
56593,,,Summer,
56594,,,Spring,
56597,,,Spring,
56598,,,Spring,
56599,,,Spring,
56600,,,Spring,
56601,,,Spring,
56602,,,Spring,
56603,,,Spring,
56604,,,Spring,
56605,,,Spring,
56606,,,Summer,
56607,,,Summer,
56608,,,Summer,
56609,,,Summer,
56610,,,Summer,
56611,,,Summer,
56612,,,Summer,
56613,,,Summer,
56614,,,Summer,
56615,,,Winter,
56616,,,Winter,
56617,,,Summer,
56618,,,Summer,
56619,,,Spring,
56620,,,Summer,
56622,,,Summer,
56624,,,Spring,
56626,,,Summer,
56627,,,Spring,
56631,,,Spring,
56632,,,Summer,
56634,,,Winter,
56638,,,Summer,
56639,,,Summer,
56640,,,Summer,
56642,,,Summer,
56643,,,Summer,
56646,,,Fall,
56647,,,Summer,
56649,,,Summer,
56650,,,Summer,
56651,,,Summer,
56652,,,Summer,
56653,,,Summer,
56654,,,Summer,
56655,,,Fall,
56656,,,Summer,
56657,,,Summer,
56658,,,Summer,
56659,,,Summer,
56660,,,Fall,
56661,,,Summer,
56662,,,Summer,
56663,,,Summer,
56664,,,Summer,
56665,,,Summer,
56666,,,Fall,
56667,,,Winter,
56668,,,Winter,
56669,,,Winter,
56670,,,Winter,
56671,,,Winter,
56672,,,Winter,
56673,,,Winter,
56674,,,Winter,
56675,,,Winter,
56676,,,Winter,
56677,,,Winter,
56678,,,Winter,
56679,,,Winter,
56680,,,Winter,
56681,,,Winter,
56682,,,Winter,
56684,,,Summer,
56685,,,Summer,
56686,,,Summer,
56687,,,Summer,
56688,,,Summer,
56689,,,Summer,
56691,,,Summer,
56692,,,Summer,
56693,,,Summer,
56694,,,Summer,
56695,,,Summer,
56696,,,Fall,
56697,,,Summer,
56698,,,Summer,
56699,,,Summer,
56700,,,Summer,
56701,,,Summer,
56702,,,Summer,
56703,,,Summer,
56704,,,Summer,
56705,,,Fall,
56709,,,Summer,
56711,,,Summer,
56713,,,Summer,
56714,,,Summer,
56715,,,Summer,
56718,,,Summer,
56720,,,Summer,
56721,,,Summer,
56722,,,Summer,
56723,,,Summer,
56724,,,Summer,
56725,,,Summer,
56733,,,Summer,
56734,,,Summer,
56736,,,Summer,
56752,,,Summer,
56753,,,Summer,
56765,,,Summer,
56769,,,Summer,
56770,,,Summer,
56771,,,Summer,
56787,,,Fall,
56795,,,Summer,
56798,,,Summer,
56805,,,Fall,
56806,,,Summer,
56807,,,Summer,
56808,,,Summer,
56809,,,Summer,
56810,,,Summer,
56811,,,Summer,
56812,,,Fall,
56813,,,Summer,
56814,,,Summer,
56815,,,Summer,
56816,,,Summer,
56817,,,Summer,
56818,,,Summer,
56819,,,Summer,
56820,,,Summer,
56821,,,Summer,
56822,,,Summer,
56825,,,Summer,
56827,,,Summer,
56828,,,Summer,
56829,,,Summer,
56843,,,Summer,
56844,,,Summer,
56845,,,Summer,
56846,,,Summer,
56847,,,Summer,
56849,,,Summer,
56850,,,Summer,
56852,,,Summer,
56854,,,Summer,
56855,,,Summer,
56856,,,Summer,
56857,,,Summer,
56858,,,Summer,
56859,,,Winter,
56860,,,Winter,
56861,,,Winter,
56862,,,Winter,
56863,,,Winter,
56864,,,Winter,
56865,,,Summer,
56866,,,Winter,
56867,,,Winter,
56868,,,Winter,
56869,,,Winter,
56870,,,Winter,
56871,,,Winter,
56872,,,Winter,
56873,,,Winter,
56874,,,Winter,
56875,,,Winter,
56876,,,Winter,
56877,,,Winter,
56878,,,Winter,
56879,,,Winter,
56880,,,Winter,
56881,,,Winter,
56882,,,Winter,
56883,,,Winter,
56884,,,Winter,
56885,,,Winter,
56886,,,Winter,
56887,,,Winter,
56888,,,Winter,
56889,,,Winter,
56890,,,Winter,
56891,,,Winter,
56893,,,Winter,
56894,,,Winter,
56895,,,Winter,
56896,,,Winter,
56897,,,Winter,
56898,,,Winter,
56899,,,Winter,
56900,,,Winter,
56901,,,Winter,
56902,,,Winter,
56903,,,Winter,
56904,,,Winter,
56905,,,Winter,
56906,,,Winter,
56907,,,Winter,
56908,,,Winter,
56909,,,Winter,
56910,,,Winter,
56911,,,Summer,
56912,,,Winter,
56913,,,Winter,
56914,,,Winter,
56915,,,Winter,
56916,,,Winter,
56917,,,Winter,
56918,,,Winter,
56919,,,Winter,
56920,,,Winter,
56921,,,Winter,
56922,,,Winter,
56923,,,Winter,
56924,,,Winter,
56925,,,Winter,
56926,,,Winter,
56927,,,Winter,
56928,,,Winter,
56929,,,Winter,
56930,,,Winter,
56931,,,Winter,
56932,,,Winter,
56933,,,Winter,
56934,,,Winter,
56935,,,Winter,
56936,,,Winter,
56937,,,Winter,
56938,,,Winter,
56939,,,Winter,
56940,,,Winter,
56941,,,Winter,
56942,,,Winter,
56943,,,Summer,
56944,,,Winter,
56945,,,Winter,
56946,,,Winter,
56947,,,Winter,
56948,,,Winter,
56949,,,Winter,
56950,,,Winter,
56951,,,Winter,
56952,,,Winter,
56953,,,Winter,
56954,,,Winter,
56955,,,Winter,
56956,,,Winter,
56957,,,Winter,
56958,,,Winter,
56959,,,Winter,
56960,,,Winter,
56961,,,Winter,
56962,,,Winter,
56963,,,Winter,
56964,,,Summer,
56965,,,Winter,
56966,,,Winter,
56967,,,Winter,
56968,,,Winter,
56969,,,Winter,
56970,,,Winter,
56971,,,Winter,
56972,,,Winter,
56973,,,Winter,
56974,,,Winter,
56975,,,Winter,
56976,,,Winter,
56977,,,Winter,
56978,,,Winter,
56979,,,Winter,
56980,,,Winter,
56981,,,Winter,
56982,,,Winter,
56983,,,Winter,
56984,,,Winter,
56985,,,Winter,
56986,,,Winter,
56987,,,Winter,
56988,,,Winter,
56989,,,Winter,
56990,,,Winter,
56991,,,Winter,
56992,,,Winter,
56993,,,Winter,
56994,,,Winter,
56995,,,Winter,
56996,,,Winter,
56997,,,Winter,
56998,,,Winter,
56999,,,Winter,
57000,,,Winter,
57001,,,Winter,
57002,,,Winter,
57003,,,Winter,
57004,,,Winter,
57005,,,Winter,
57006,,,Winter,
57007,,,Winter,
57008,,,Winter,
57009,,,Winter,
57010,,,Winter,
57011,,,Winter,
57012,,,Winter,
57013,,,Winter,
57014,,,Winter,
57015,,,Summer,
57016,,,Summer,
57017,,,Summer,
57018,,,Summer,
57019,,,Summer,
57021,,,Summer,
57022,,,Summer,
57023,,,Summer,
57024,,,Summer,
57025,,,Summer,
57026,,,Summer,
57027,,,Summer,
57028,,,Summer,
57029,,,Summer,
57030,,,Summer,
57031,,,Summer,
57032,,,Summer,
57033,,,Summer,
57034,,,Summer,
57035,,,Summer,
57036,,,Summer,
57037,,,Summer,
57038,,,Summer,
57039,,,Summer,
57040,,,Summer,
57041,,,Summer,
57042,,,Summer,
57043,,,Summer,
57044,,,Summer,
57045,,,Summer,
57046,,,Summer,
57047,,,Summer,
57048,,,Summer,
57049,,,Summer,
57050,,,Fall,
57051,,,Summer,
57052,,,Summer,
57053,,,Summer,
57054,,,Summer,
57055,,,Summer,
57056,,,Summer,
57057,,,Summer,
57058,,,Summer,
57059,,,Summer,
57060,,,Summer,
57061,,,Summer,
57062,,,Fall,
57063,,,Summer,
57064,,,Fall,
57065,,,Summer,
57066,,,Summer,
57067,,,Summer,
57068,,,Fall,
57069,,,Fall,
57070,,,Summer,
57071,,,Summer,
57072,,,Summer,
57073,,,Summer,
57074,,,Summer,
57075,,,Summer,
57076,,,Summer,
57077,,,Summer,
57078,,,Summer,
57079,,,Summer,
57080,,,Summer,
57081,,,Fall,
57082,,,Summer,
57083,,,Summer,
57084,,,Summer,
57085,,,Summer,
57086,,,Summer,
57087,,,Summer,
57088,,,Summer,
57089,,,Summer,
57090,,,Summer,
57091,,,Summer,
57092,,,Fall,
57093,,,Summer,
57094,,,Summer,
57095,,,Summer,
57096,,,Summer,
57097,,,Summer,
57099,,,Summer,
57100,,,Summer,
57101,,,Summer,
57102,,,Fall,
57103,,,Summer,
57104,,,Summer,
57105,,,Summer,
57106,,,Summer,
57107,,,Summer,
57108,,,Summer,
57109,,,Summer,
57110,,,Fall,
57111,,,Summer,
57112,,,Summer,
57114,,,Summer,
57115,,,Summer,
57116,,,Summer,
57117,,,Fall,
57118,,,Summer,
57119,,,Summer,
57120,,,Summer,
57121,,,Summer,
57122,,,Summer,
57123,,,Summer,
57124,,,Summer,
57125,,,Summer,
57126,,,Summer,
57127,,,Summer,
57128,,,Summer,
57129,,,Summer,
57130,,,Summer,
57131,,,Summer,
57132,,,Summer,
57133,,,Summer,
57134,,,Summer,
57135,,,Summer,
57136,,,Summer,
57137,,,Summer,
57138,,,Summer,
57139,,,Summer,
57140,,,Summer,
57141,,,Summer,
57142,,,Summer,
57143,,,Fall,
57144,,,Summer,
57145,,,Summer,
57146,,,Summer,
57147,,,Fall,
57148,,,Summer,
57149,,,Summer,
57150,,,Summer,
57151,,,Summer,
57152,,,Summer,
57153,,,Summer,
57154,,,Summer,
57155,,,Summer,
57156,,,Summer,
57157,,,Summer,
57158,,,Summer,
57159,,,Summer,
57160,,,Summer,
57161,,,Summer,
57162,,,Summer,
57163,,,Summer,
57164,,,Summer,
57165,,,Summer,
57166,,,Summer,
57167,,,Summer,
57168,,,Fall,
57169,,,Summer,
57170,,,Summer,
57171,,,Summer,
57172,,,Summer,
57173,,,Summer,
57174,,,Summer,
57175,,,Summer,
57176,,,Summer,
57177,,,Summer,
57178,,,Summer,
57179,,,Summer,
57180,,,Summer,
57181,,,Summer,
57182,,,Summer,
57183,,,Summer,
57184,,,Summer,
57185,,,Fall,
57186,,,Summer,
57187,,,Summer,
57188,,,Summer,
57189,,,Summer,
57190,,,Summer,
57191,,,Summer,
57192,,,Summer,
57193,,,Summer,
57194,,,Summer,
57195,,,Summer,
57196,,,Summer,
57197,,,Summer,
57198,,,Summer,
57199,,,Summer,
57200,,,Summer,
57201,,,Summer,
57202,,,Summer,
57203,,,Summer,
57204,,,Summer,
57205,,,Summer,
57207,,,Summer,
57208,,,Summer,
57209,,,Summer,
57210,,,Summer,
57211,,,Summer,
57212,,,Summer,
57213,,,Summer,
57214,,,Summer,
57215,,,Summer,
57216,,,Summer,
57217,,,Summer,
57218,,,Winter,
57225,,,Winter,
57226,,,Summer,
57229,,,Winter,
57230,,,Summer,
57231,,,Summer,
57235,,,Winter,
57236,,,Summer,
57237,,,Summer,
57238,,,Winter,
57239,,,Summer,
57240,,,Summer,
57241,,,Summer,
57242,,,Summer,
57243,,,Winter,
57244,,,Summer,
57246,,,Winter,
57247,,,Winter,
57252,,,Fall,
57253,,,Winter,
57254,,,Summer,
57255,,,Summer,
57256,,,Summer,
57258,,,Fall,
57259,,,Summer,
57261,,,Winter,
57262,,,Summer,
57263,,,Winter,
57264,,,Summer,
57266,,,Summer,
57268,,,Summer,
57273,,,Summer,
57274,,,Fall,
57275,,,Fall,
57276,,,Summer,
57277,,,Summer,
57280,,,Summer,
57281,,,Summer,
57282,,,Summer,
57283,,,Summer,
57284,,,Summer,
57285,,,Summer,
57286,,,Summer,
57287,,,Summer,
57288,,,Summer,
57289,,,Summer,
57290,,,Summer,
57291,,,Summer,
57292,,,Summer,
57293,,,Summer,
57294,,,Summer,
57295,,,Fall,
57296,,,Summer,
57297,,,Summer,
57298,,,Winter,
57299,,,Winter,
57300,,,Winter,
57301,,,Winter,
57302,,,Winter,
57303,,,Winter,
57304,,,Winter,
57305,,,Winter,
57306,,,Winter,
57307,,,Winter,
57308,,,Winter,
57309,,,Winter,
57310,,,Summer,
57311,,,Summer,
57312,,,Summer,
57313,,,Summer,
57316,,,Summer,
57318,,,Summer,
57319,,,Fall,
57320,,,Summer,
57321,,,Summer,
57322,,,Summer,
57323,,,Summer,
57324,,,Summer,
57325,,,Summer,
57326,,,Fall,
57327,,,Summer,
57328,,,Summer,
57329,,,Summer,
57330,,,Summer,
57331,,,Summer,
57333,,,Summer,
57334,,,Summer,
57335,,,Summer,
57336,,,Summer,
57338,,,Summer,
57339,,,Summer,
57340,,,Summer,
57342,,,Summer,
57343,,,Summer,
57344,,,Summer,
57345,,,Fall,
57346,,,Summer,
57347,,,Fall,
57348,,,Summer,
57349,,,Fall,
57350,,,Winter,
57351,,,Summer,
57352,,,Summer,
57353,,,Summer,
57354,,,Summer,
57355,,,Summer,
57356,,,Summer,
57357,,,Winter,
57358,,,Summer,
57359,,,Summer,
57360,,,Summer,
57361,,,Summer,
57362,,,Summer,
57363,,,Summer,
57365,,,Summer,
57366,,,Summer,
57367,,,Summer,
57368,,,Summer,
57369,,,Summer,
57370,,,Summer,
57371,,,Summer,
57372,,,Summer,
57373,,,Summer,
57374,,,Summer,
57375,,,Summer,
57376,,,Summer,
57378,,,Summer,
57379,,,Summer,
57380,,,Summer,
57382,,,Summer,
57383,,,Summer,
57384,,,Summer,
57388,,,Summer,
57389,,,Fall,
57390,,,Winter,
57391,,,Summer,
57392,,,Summer,
57393,,,Summer,
57395,,,Summer,
57397,,,Summer,
57398,,,Summer,
57399,,,Summer,
57400,,,Winter,
57401,,,Summer,
57402,,,Summer,
57403,,,Summer,
57404,,,Summer,
57405,,,Summer,
57406,,,Summer,
57407,,,Summer,
57408,,,Summer,
57409,,,Summer,
57410,,,Summer,
57411,,,Summer,
57412,,,Summer,
57413,,,Summer,
57414,,,Summer,
57415,,,Summer,
57416,,,Summer,
57418,,,Summer,
57419,,,Summer,
57420,,,Summer,
57421,,,Summer,
57422,,,Summer,
57423,,,Summer,
57424,,,Summer,
57425,,,Summer,
57426,,,Summer,
57427,,,Summer,
57428,,,Fall,
57429,,,Summer,
57430,,,Summer,
57431,,,Summer,
57432,,,Fall,
57433,,,Summer,
57434,,,Summer,
57435,,,Summer,
57436,,,Fall,
57437,,,Summer,
57438,,,Summer,
57439,,,Summer,
57440,,,Summer,
57441,,,Summer,
57442,,,Summer,
57443,,,Fall,
57444,,,Summer,
57445,,,Summer,
57446,,,Summer,
57447,,,Summer,
57448,,,Summer,
57449,,,Summer,
57450,,,Summer,
57457,,,Summer,
57458,,,Summer,
57459,,,Summer,
57462,,,Summer,
57463,,,Summer,
57466,,,Summer,
57467,,,Winter,
57468,,,Summer,
57469,,,Summer,
57470,,,Fall,
57471,,,Summer,
57475,,,Winter,
57476,,,Summer,
57477,,,Fall,
57478,,,Fall,
57479,,,Fall,
57480,,,Fall,
57481,,,Summer,
57482,,,Summer,
57483,,,Summer,
57484,,,Summer,
57487,,,Fall,
57488,,,Summer,
57489,,,Summer,
57490,,,Summer,
57491,,,Summer,
57492,,,Summer,
57493,,,Winter,
57494,,,Fall,
57495,,,Summer,
57496,,,Summer,
57497,,,Fall,
57498,,,Summer,
57499,,,Winter,
57500,,,Winter,
57501,,,Winter,
57502,,,Fall,
57503,,,Summer,
57504,,,Winter,
57505,,,Summer,
57506,,,Summer,
57507,,,Winter,
57508,,,Winter,
57509,,,Summer,
57510,,,Winter,
57511,,,Summer,
57512,,,Summer,
57513,,,Summer,
57514,,,Fall,
57515,,,Summer,
57516,,,Summer,
57517,,,Fall,
57518,,,Winter,
57519,,,Summer,
57520,,,Winter,
57521,,,Summer,
57522,,,Summer,
57523,,,Winter,
57524,,,Winter,
57525,,,Summer,
57526,,,Summer,
57527,,,Winter,
57528,,,Winter,
57529,,,Summer,
57530,,,Summer,
57531,,,Summer,
57532,,,Summer,
57533,,,Summer,
57534,,,Winter,
57536,,,Summer,
57539,,,Summer,
57543,,,Spring,
57544,,,Spring,
57545,,,Spring,
57547,,,Spring,
57548,,,Spring,
57549,,,Spring,
57550,,,Spring,
57552,,,Spring,
57553,,,Spring,
57554,,,Spring,
57555,,,Spring,
57556,,,Spring,
57557,,,Spring,
57558,,,Spring,
57559,,,Spring,
57560,,,Spring,
57561,,,Summer,
57562,,,Spring,
57563,,,Spring,
57566,,,Spring,
57567,,,Spring,
57568,,,Spring,
57569,,,Spring,
57570,,,Spring,
57571,,,Spring,
57572,,,Fall,
57573,,,Spring,
57574,,,Spring,
57575,,,Fall,
57576,,,Summer,
57577,,,Spring,
57578,,,Spring,
57579,,,Spring,
57580,,,Spring,
57581,,,Summer,
57582,,,Spring,
57583,,,Spring,
57584,,,Summer,
57586,,,Summer,
57587,,,Summer,
57588,,,Summer,
57589,,,Summer,
57591,,,Summer,
57592,,,Spring,
57593,,,Summer,
57594,,,Summer,
57595,,,Summer,
57596,,,Spring,
57597,,,Summer,
57598,,,Fall,
57599,,,Summer,
57600,,,Summer,
57601,,,Summer,
57603,,,Summer,
57604,,,Summer,
57605,,,Summer,
57606,,,Summer,
57607,,,Spring,
57608,,,Spring,
57609,,,Spring,
57610,,,Spring,
57611,,,Spring,
57613,,,Summer,
57614,,,Fall,
57615,,,Spring,
57616,,,Spring,
57617,,,Spring,
57619,,,Spring,
57620,,,Spring,
57621,,,Spring,
57622,,,Spring,
57623,,,Summer,
57624,,,Spring,
57625,,,Summer,
57627,,,Spring,
57628,,,Spring,
57629,,,Spring,
57630,,,Winter,
57631,,,Spring,
57632,,,Spring,
57633,,,Spring,
57634,,,Spring,
57635,,,Spring,
57636,,,Spring,
57637,,,Spring,
57638,,,Spring,
57639,,,Spring,
57640,,,Spring,
57642,,,Spring,
57643,,,Spring,
57644,,,Spring,
57645,,,Spring,
57646,,,Spring,
57647,,,Spring,
57649,,,Spring,
57650,,,Spring,
57651,,,Spring,
57652,,,Spring,
57653,,,Spring,
57654,,,Spring,
57655,,,Spring,
57656,,,Spring,
57657,,,Spring,
57658,,,Spring,
57660,,,Spring,
57661,,,Spring,
57662,,,Spring,
57664,,,Spring,
57667,,,Spring,
57668,,,Spring,
57669,,,Spring,
57670,,,Spring,
57671,,,Spring,
57672,,,Spring,
57673,,,Spring,
57674,,,Spring,
57675,,,Spring,
57676,,,Summer,
57677,,,Summer,
57678,,,Spring,
57679,,,Spring,
57681,,,Summer,
57683,,,Spring,
57685,,,Spring,
57687,,,Summer,
57689,,,Spring,
57690,,,Spring,
57691,,,Spring,
57692,,,Summer,
57694,,,Spring,
57696,,,Summer,
57697,,,Summer,
57698,,,Summer,
57699,,,Summer,
57700,,,Summer,
57701,,,Summer,
57702,,,Summer,
57703,,,Winter,
57704,,,Summer,
57705,,,Spring,
57706,,,Winter,
57707,,,Spring,
57708,,,Spring,
57709,,,Spring,
57710,,,Spring,
57711,,,Spring,
57712,,,Spring,
57713,,,Spring,
57714,,,Spring,
57715,,,Spring,
57716,,,Spring,
57717,,,Spring,
57718,,,Spring,
57719,,,Spring,
57720,,,Spring,
57721,,,Spring,
57724,,,Spring,
57725,,,Spring,
57727,,,Spring,
57728,,,Summer,
57729,,,Summer,
57730,,,Summer,
57731,,,Spring,
57732,,,Spring,
57733,,,Spring,
57734,,,Summer,
57735,,,Spring,
57736,,,Spring,
57737,,,Summer,
57738,,,Summer,
57739,,,Spring,
57740,,,Spring,
57741,,,Spring,
57742,,,Spring,
57743,,,Spring,
57744,,,Spring,
57745,,,Summer,
57746,,,Spring,
57747,,,Summer,
57749,,,Summer,
57750,,,Summer,
57752,,,Summer,
57753,,,Spring,
57754,,,Spring,
57755,,,Spring,
57756,,,Spring,
57757,,,Spring,
57758,,,Spring,
57759,,,Spring,
57760,,,Spring,
57761,,,Spring,
57762,,,Spring,
57763,,,Summer,
57764,,,Summer,
57765,,,Spring,
57766,,,Spring,
57767,,,Winter,
57768,,,Spring,
57770,,,Summer,
57771,,,Spring,
57772,,,Spring,
57773,,,Summer,
57774,,,Spring,
57776,,,Spring,
57777,,,Summer,
57778,,,Summer,
57779,,,Summer,
57780,,,Spring,
57781,,,Summer,
57782,,,Summer,
57783,,,Spring,
57784,,,Summer,
57785,,,Summer,
57786,,,Summer,
57787,,,Summer,
57788,,,Summer,
57789,,,Summer,
57790,,,Summer,
57791,,,Spring,
57792,,,Spring,
57793,,,Spring,
57794,,,Summer,
57795,,,Summer,
57796,,,Winter,
57798,,,Spring,
57800,,,Spring,
57801,,,Winter,
57802,,,Summer,
57803,,,Summer,
57804,,,Summer,
57805,,,Summer,
57810,,,Summer,
57811,,,Summer,
57812,,,Summer,
57815,,,Summer,
57816,,,Summer,
57817,,,Summer,
57818,,,Summer,
57819,,,Winter,
57820,,,Summer,
57823,,,Summer,
57824,,,Summer,
57832,,,Summer,
57833,,,Summer,
57834,,,Summer,
57835,,,Summer,
57836,,,Summer,
57837,,,Summer,
57838,,,Summer,
57845,,,Summer,
57846,,,Summer,
57847,,,Summer,
57849,,,Winter,
57850,,,Winter,
57851,,,Summer,
57852,,,Winter,
57853,,,Winter,
57854,,,Winter,
57855,,,Winter,
57856,,,Summer,
57857,,,Winter,
57858,,,Winter,
57859,,,Spring,
57860,,,Spring,
57861,,,Spring,
57862,,,Spring,
57863,,,Summer,
57864,,,Spring,
57865,,,Spring,
57866,,,Winter,
57867,,,Spring,
57868,,,Summer,
57869,,,Summer,
57870,,,Spring,
57871,,,Spring,
57872,,,Summer,
57873,,,Summer,
57874,,,Summer,
57875,,,Spring,
57876,,,Spring,
57877,,,Spring,
57878,,,Summer,
57879,,,Summer,
57880,,,Spring,
57881,,,Spring,
57883,,,Spring,
57884,,,Spring,
57885,,,Summer,
57886,,,Spring,
57887,,,Summer,
57888,,,Summer,
57889,,,Spring,
57890,,,Summer,
57891,,,Summer,
57892,,,Winter,
57893,,,Summer,
57894,,,Summer,
57895,,,Summer,
57896,,,Winter,
57897,,,Summer,
57898,,,Summer,
57899,,,Summer,
57906,,,Summer,
57907,,,Summer,
57908,,,Summer,
57909,,,Summer,
57910,,,Summer,
57911,,,Summer,
57912,,,Summer,
57913,,,Summer,
57914,,,Summer,
57915,,,Summer,
57916,,,Fall,
57917,,,Summer,
57918,,,Summer,
57919,,,Summer,
57920,,,Summer,
57921,,,Summer,
57922,,,Summer,
57923,,,Summer,
57924,,,Summer,
57925,,,Summer,
57930,,,Summer,
57931,,,Summer,
57932,,,Fall,
57933,,,Summer,
57934,,,Summer,
57935,,,Summer,
57936,,,Summer,
57937,,,Summer,
57938,,,Summer,
57939,,,Summer,
57940,,,Winter,
57941,,,Summer,
57942,,,Summer,
57943,,,Winter,
57944,,,Summer,
57945,,,Summer,
57946,,,Summer,
57947,,,Fall,
57948,,,Summer,
57949,,,Fall,
57950,,,Summer,
57952,,,Summer,
57953,,,Summer,
57954,,,Summer,
57956,,,Summer,
57957,,,Summer,
57958,,,Summer,
57959,,,Fall,
57960,,,Fall,
57961,,,Summer,
57962,,,Summer,
57963,,,Summer,
57964,,,Spring,
57965,,,Summer,
57966,,,Summer,
57967,,,Summer,
57968,,,Summer,
57969,,,Summer,
57970,,,Fall,
57971,,,Fall,
57972,,,Fall,
57973,,,Fall,
57974,,,Fall,
57975,,,Summer,
57976,,,Spring,
57980,,,Summer,
57981,,,Summer,
57982,,,Summer,
57983,,,Summer,
57985,,,Summer,
57986,,,Summer,
57987,,,Fall,
57988,,,Summer,
57989,,,Summer,
57990,,,Summer,
57991,,,Summer,
57992,,,Fall,
57993,,,Summer,
57994,,,Summer,
57995,,,Summer,
57996,,,Summer,
57997,,,Summer,
57998,,,Summer,
57999,,,Summer,
58000,,,Summer,
58001,,,Summer,
58002,,,Summer,
58003,,,Fall,
58004,,,Fall,
58005,,,Summer,
58006,,,Summer,
58007,,,Summer,
58008,,,Summer,
58009,,,Summer,
58010,,,Summer,
58011,,,Summer,
58012,,,Summer,
58013,,,Summer,
58014,,,Summer,
58015,,,Summer,
58016,,,Fall,
58017,,,Summer,
58018,,,Summer,
58020,,,Summer,
58022,,,Summer,
58023,,,Summer,
58024,,,Summer,
58027,,,Summer,
58028,,,Summer,
58030,,,Summer,
58032,,,Summer,
58035,,,Winter,
58037,,,Summer,
58039,,,Fall,
58041,,,Summer,
58042,,,Winter,
58044,,,Summer,
58045,,,Summer,
58046,,,Summer,
58049,,,Summer,
58050,,,Fall,
58051,,,Summer,
58052,,,Summer,
58053,,,Summer,
58057,,,Summer,
58058,,,Summer,
58059,,,Summer,
58060,,,Summer,
58061,,,Summer,
58062,,,Summer,
58063,,,Summer,
58071,,,Summer,
58072,,,Summer,
58073,,,Summer,
58074,,,Summer,
58075,,,Summer,
58076,,,Summer,
58078,,,Summer,
58085,,,Summer,
58086,,,Summer,
58087,,,Summer,
58093,,,Summer,
58096,,,Summer,
58097,,,Summer,
58098,,,Summer,
58099,,,Summer,
58100,,,Summer,
58104,,,Summer,
58107,,,Summer,
58108,,,Summer,
58109,,,Summer,
58110,,,Summer,
58111,,,Summer,
58112,,,Summer,
58115,,,Spring,
58116,,,Spring,
58117,,,Spring,
58118,,,Spring,
58121,,,Summer,
58123,,,Summer,
58128,,,Summer,
58129,,,Summer,
58131,,,Summer,
58132,,,Summer,
58133,,,Summer,
58135,,,Winter,
58136,,,Summer,
58137,,,Summer,
58138,,,Winter,
58139,,,Summer,
58140,,,Summer,
58141,,,Summer,
58143,,,Summer,
58144,,,Summer,
58145,,,Summer,
58146,,,Summer,
58147,,,Fall,
58148,,,Fall,
58149,,,Summer,
58150,,,Summer,
58151,,,Winter,
58152,,,Summer,
58153,,,Summer,
58154,,,Fall,
58155,,,Summer,
58156,,,Fall,
58157,,,Winter,
58158,,,Summer,
58159,,,Summer,
58160,,,Summer,
58161,,,Summer,
58162,,,Spring,
58163,,,Summer,
58164,,,Summer,
58165,,,Summer,
58166,,,Summer,
58167,,,Summer,
58168,,,Fall,
58169,,,Summer,
58170,,,Summer,
58171,,,Summer,
58172,,,Summer,
58173,,,Winter,
58174,,,Summer,
58175,,,Winter,
58176,,,Winter,
58177,,,Summer,
58178,,,Summer,
58179,,,Summer,
58180,,,Summer,
58181,,,Summer,
58182,,,Summer,
58183,,,Summer,
58184,,,Summer,
58185,,,Winter,
58186,,,Summer,
58187,,,Summer,
58188,,,Summer,
58189,,,Summer,
58190,,,Summer,
58191,,,Winter,
58194,,,Summer,
58195,,,Summer,
58196,,,Summer,
58200,,,Fall,
58201,,,Summer,
58202,,,Summer,
58203,,,Summer,
58204,,,Summer,
58205,,,Summer,
58206,,,Summer,
58207,,,Summer,
58208,,,Summer,
58209,,,Summer,
58210,,,Summer,
58211,,,Summer,
58212,,,Winter,
58213,,,Summer,
58214,,,Fall,
58215,,,Fall,
58216,,,Summer,
58218,,,Summer,
58220,,,Summer,
58222,,,Summer,
58225,,,Summer,
58226,,,Summer,
58227,,,Summer,
58229,,,Summer,
58231,,,Winter,
58232,,,Summer,
58233,,,Summer,
58234,,,Spring,
58235,,,Winter,
58236,,,Fall,
58237,,,Summer,
58238,,,Summer,
58239,,,Summer,
58240,,,Summer,
58241,,,Summer,
58242,,,Summer,
58243,,,Summer,
58244,,,Summer,
58245,,,Summer,
58246,,,Summer,
58247,,,Summer,
58248,,,Summer,
58249,,,Summer,
58250,,,Summer,
58251,,,Summer,
58252,,,Summer,
58253,,,Summer,
58254,,,Summer,
58255,,,Summer,
58256,,,Summer,
58257,,,Summer,
58258,,,Summer,
58259,,,Winter,
58260,,,Summer,
58261,,,Summer,
58262,,,Summer,
58263,,,Summer,
58264,,,Winter,
58265,,,Summer,
58266,,,Summer,
58267,,,Summer,
58268,,,Summer,
58269,,,Summer,
58270,,,Summer,
58271,,,Summer,
58272,,,Summer,
58273,,,Winter,
58274,,,Summer,
58275,,,Summer,
58276,,,Summer,
58277,,,Summer,
58278,,,Summer,
58279,,,Summer,
58280,,,Summer,
58281,,,Spring,
58282,,,Winter,
58283,,,Summer,
58284,,,Summer,
58286,,,Summer,
58291,,,Summer,
58292,,,Summer,
58293,,,Fall,
58294,,,Summer,
58295,,,Summer,
58296,,,Summer,
58297,,,Summer,
58298,,,Summer,
58299,,,Summer,
58300,,,Summer,
58301,,,Summer,
58304,,,Summer,
58305,,,Summer,
58306,,,Summer,
58307,,,Summer,
58308,,,Summer,
58309,,,Summer,
58310,,,Summer,
58311,,,Summer,
58312,,,Summer,
58313,,,Summer,
58314,,,Summer,
58315,,,Summer,
58316,,,Summer,
58317,,,Summer,
58318,,,Summer,
58319,,,Summer,
58320,,,Summer,
58321,,,Summer,
58322,,,Summer,
58323,,,Summer,
58324,,,Summer,
58325,,,Winter,
58326,,,Winter,
58327,,,Winter,
58328,,,Summer,
58329,,,Summer,
58330,,,Summer,
58331,,,Summer,
58332,,,Winter,
58333,,,Winter,
58334,,,Summer,
58335,,,Fall,
58336,,,Summer,
58337,,,Winter,
58338,,,Winter,
58339,,,Winter,
58340,,,Summer,
58349,,,Summer,
58351,,,Summer,
58357,,,Summer,
58358,,,Summer,
58372,,,Summer,
58375,,,Fall,
58381,,,Summer,
58385,,,Summer,
58394,,,Summer,
58395,,,Summer,
58411,,,Summer,
58418,,,Summer,
58425,,,Summer,
58439,,,Summer,
58444,,,Winter,
58445,,,Winter,
58446,,,Summer,
58447,,,Winter,
58448,,,Winter,
58449,,,Winter,
58450,,,Winter,
58451,,,Winter,
58452,,,Winter,
58453,,,Winter,
58454,,,Winter,
58455,,,Winter,
58456,,,Winter,
58458,,,Summer,
58459,,,Summer,
58460,,,Summer,
58463,,,Summer,
58464,,,Summer,
58465,,,Summer,
58466,,,Summer,
58467,,,Summer,
58468,,,Summer,
58470,,,Summer,
58471,,,Summer,
58472,,,Summer,
58473,,,Summer,
58474,,,Summer,
58475,,,Summer,
58476,,,Summer,
58477,,,Summer,
58478,,,Summer,
58479,,,Summer,
58480,,,Summer,
58481,,,Summer,
58482,,,Summer,
58483,,,Summer,
58484,,,Winter,
58485,,,Summer,
58486,,,Summer,
58487,,,Summer,
58488,,,Winter,
58489,,,Summer,
58490,,,Summer,
58491,,,Summer,
58492,,,Summer,
58493,,,Summer,
58494,,,Summer,
58495,,,Summer,
58496,,,Summer,
58497,,,Summer,
58498,,,Summer,
58499,,,Summer,
58500,,,Summer,
58501,,,Summer,
58502,,,Summer,
58503,,,Summer,
58504,,,Summer,
58505,,,Fall,
58506,,,Summer,
58507,,,Summer,
58508,,,Summer,
58509,,,Fall,
58510,,,Summer,
58511,,,Summer,
58512,,,Summer,
58513,,,Summer,
58514,,,Summer,
58515,,,Summer,
58516,,,Fall,
58517,,,Summer,
58518,,,Fall,
58519,,,Winter,
58520,,,Summer,
58521,,,Summer,
58522,,,Summer,
58523,,,Winter,
58524,,,Spring,
58525,,,Winter,
58526,,,Summer,
58527,,,Winter,
58528,,,Winter,
58529,,,Winter,
58530,,,Winter,
58531,,,Winter,
58532,,,Winter,
58533,,,Winter,
58534,,,Winter,
58535,,,Winter,
58536,,,Winter,
58537,,,Winter,
58538,,,Winter,
58539,,,Winter,
58540,,,Winter,
58541,,,Winter,
58542,,,Winter,
58543,,,Winter,
58544,,,Winter,
58545,,,Winter,
58546,,,Winter,
58547,,,Winter,
58548,,,Winter,
58549,,,Winter,
58550,,,Winter,
58551,,,Winter,
58552,,,Winter,
58553,,,Winter,
58555,,,Summer,
58559,,,Summer,
58560,,,Summer,
58561,,,Summer,
58562,,,Summer,
58563,,,Summer,
58565,,,Summer,
58566,,,Summer,
58567,,,Summer,
58569,,,Summer,
58570,,,Summer,
58571,,,Summer,
58573,,,Summer,
58574,,,Summer,
58576,,,Summer,
58577,,,Summer,
58581,,,Summer,
58586,,,Winter,
58588,,,Winter,
58589,,,Summer,
58590,,,Fall,
58591,,,Summer,
58600,,,Winter,
58603,,,Summer,
58605,,,Summer,
58606,,,Winter,
58607,,,Summer,
58608,,,Winter,
58609,,,Summer,
58610,,,Summer,
58611,,,Summer,
58612,,,Summer,
58614,,,Summer,
58615,,,Fall,
58616,,,Summer,
58618,,,Summer,
58619,,,Summer,
58620,,,Summer,
58621,,,Summer,
58622,,,Summer,
58624,,,Fall,
58625,,,Summer,
58626,,,Summer,
58627,,,Summer,
58628,,,Summer,
58629,,,Summer,
58634,,,Winter,
58635,,,Summer,
58636,,,Summer,
58637,,,Summer,
58638,,,Summer,
58639,,,Summer,
58640,,,Summer,
58641,,,Summer,
58642,,,Summer,
58643,,,Summer,
58644,,,Fall,
58645,,,Fall,
58646,,,Summer,
58647,,,Summer,
58648,,,Summer,
58652,,,Summer,
58653,,,Summer,
58654,,,Summer,
58655,,,Summer,
58656,,,Summer,
58657,,,Summer,
58658,,,Summer,
58659,,,Summer,
58660,,,Summer,
58661,,,Summer,
58662,,,Summer,
58663,,,Summer,
58664,,,Summer,
58666,,,Summer,
58667,,,Summer,
58668,,,Summer,
58669,,,Fall,
58670,,,Fall,
58671,,,Fall,
58672,,,Summer,
58673,,,Fall,
58674,,,Summer,
58675,,,Summer,
58676,,,Summer,
58677,,,Summer,
58678,,,Fall,
58680,,,Summer,
58681,,,Summer,
58682,,,Summer,
58683,,,Summer,
58684,,,Summer,
58685,,,Summer,
58686,,,Fall,
58687,,,Summer,
58689,,,Summer,
58690,,,Summer,
58691,,,Summer,
58692,,,Summer,
58693,,,Summer,
58694,,,Summer,
58695,,,Summer,
58696,,,Summer,
58698,,,Summer,
58700,,,Summer,
58701,,,Summer,
58702,,,Summer,
58703,,,Summer,
58718,,,Summer,
58719,,,Summer,
58720,,,Summer,
58722,,,Fall,
58723,,,Summer,
58724,,,Summer,
58725,,,Summer,
58726,,,Summer,
58727,,,Summer,
58728,,,Summer,
58729,,,Summer,
58730,,,Fall,
58731,,,Summer,
58732,,,Summer,
58734,,,Fall,
58735,,,Summer,
58736,,,Summer,
58737,,,Summer,
58738,,,Summer,
58740,,,Summer,
58741,,,Summer,
58742,,,Summer,
58743,,,Summer,
58744,,,Summer,
58745,,,Summer,
58765,,,Summer,
58770,,,Summer,
58793,,,Summer,
58794,,,Summer,
58795,,,Summer,
58796,,,Summer,
58797,,,Summer,
58798,,,Summer,
58800,,,Fall,
58801,,,Summer,
58802,,,Summer,
58805,,,Summer,
58807,,,Fall,
58808,,,Summer,
58809,,,Summer,
58810,,,Fall,
58815,,,Fall,
58816,,,Winter,
58817,,,Summer,
58818,,,Fall,
58819,,,Winter,
58820,,,Summer,
58821,,,Winter,
58822,,,Winter,
58823,,,Winter,
58825,,,Winter,
58827,,,Winter,
58828,,,Winter,
58829,,,Winter,
58830,,,Winter,
58831,,,Winter,
58832,,,Winter,
58833,,,Summer,
58834,,,Summer,
58835,,,Summer,
58836,,,Summer,
58837,,,Summer,
58838,,,Fall,
58839,,,Summer,
58840,,,Winter,
58841,,,Fall,
58842,,,Summer,
58843,,,Summer,
58844,,,Summer,
58845,,,Summer,
58846,,,Summer,
58847,,,Fall,
58848,,,Winter,
58849,,,Summer,
58850,,,Summer,
58851,,,Summer,
58852,,,Fall,
58853,,,Summer,
58854,,,Fall,
58855,,,Fall,
58856,,,Summer,
58857,,,Summer,
58858,,,Summer,
58859,,,Summer,
58860,,,Summer,
58861,,,Summer,
58862,,,Summer,
58863,,,Fall,
58864,,,Fall,
58865,,,Summer,
58867,,,Summer,
58868,,,Summer,
58869,,,Winter,
58870,,,Fall,
58871,,,Summer,
58872,,,Summer,
58873,,,Summer,
58874,,,Summer,
58875,,,Summer,
58876,,,Summer,
58877,,,Summer,
58878,,,Summer,
58879,,,Summer,
58880,,,Summer,
58881,,,Summer,
58882,,,Summer,
58883,,,Summer,
58884,,,Summer,
58885,,,Summer,
58886,,,Summer,
58887,,,Summer,
58888,,,Summer,
58889,,,Summer,
58890,,,Summer,
58891,,,Summer,
58892,,,Summer,
58893,,,Summer,
58894,,,Summer,
58895,,,Summer,
58896,,,Summer,
58897,,,Summer,
58898,,,Summer,
58899,,,Summer,
58900,,,Summer,
58901,,,Summer,
58902,,,Summer,
58903,,,Summer,
58904,,,Summer,
58905,,,Summer,
58906,,,Summer,
58907,,,Summer,
58908,,,Summer,
58909,,,Summer,
58910,,,Summer,
58911,,,Summer,
58912,,,Summer,
58913,,,Summer,
58914,,,Summer,
58915,,,Summer,
58916,,,Summer,
58917,,,Summer,
58918,,,Summer,
58919,,,Summer,
58920,,,Fall,
58921,,,Fall,
58922,,,Winter,
58923,,,Fall,
58924,,,Fall,
58925,,,Summer,
58926,,,Winter,
58928,,,Summer,
58931,,,Summer,
58932,,,Summer,
58934,,,Winter,
58935,,,Winter,
58937,,,Winter,
58939,,,Winter,
58940,,,Winter,
58941,,,Winter,
58942,,,Winter,
58943,,,Spring,
58944,,,Spring,
58945,,,Spring,
58946,,,Spring,
58947,,,Spring,
58948,,,Spring,
58949,,,Spring,
58950,,,Spring,
58951,,,Spring,
58952,,,Spring,
58954,,,Spring,
58955,,,Spring,
58956,,,Spring,
58958,,,Spring,
58959,,,Spring,
58960,,,Spring,
58961,,,Spring,
58962,,,Spring,
58963,,,Spring,
58964,,,Spring,
58965,,,Spring,
58966,,,Spring,
58967,,,Spring,
58968,,,Spring,
58969,,,Spring,
58970,,,Spring,
58971,,,Spring,
58972,,,Spring,
58973,,,Spring,
58974,,,Spring,
58975,,,Spring,
58976,,,Spring,
58977,,,Spring,
58978,,,Spring,
58979,,,Spring,
58980,,,Spring,
58981,,,Spring,
58982,,,Spring,
58983,,,Spring,
58984,,,Spring,
58985,,,Spring,
58986,,,Spring,
58987,,,Spring,
58988,,,Spring,
58989,,,Spring,
58990,,,Spring,
58991,,,Spring,
58992,,,Spring,
59002,,,Spring,
59003,,,Spring,
59004,,,Spring,
59005,,,Spring,
59006,,,Spring,
59008,,,Fall,
59010,,,Fall,
59011,,,Summer,
59012,,,Summer,
59013,,,Summer,
59014,,,Fall,
59015,,,Summer,
59016,,,Summer,
59017,,,Fall,
59018,,,Winter,
59019,,,Winter,
59020,,,Winter,
59021,,,Winter,
59022,,,Winter,
59023,,,Winter,
59024,,,Winter,
59025,,,Winter,
59026,,,Winter,
59027,,,Winter,
59028,,,Winter,
59029,,,Winter,
59030,,,Winter,
59031,,,Winter,
59032,,,Winter,
59033,,,Winter,
59034,,,Winter,
59035,,,Winter,
59036,,,Winter,
59037,,,Winter,
59038,,,Winter,
59039,,,Winter,
59040,,,Winter,
59042,,,Winter,
59043,,,Winter,
59044,,,Winter,
59045,,,Winter,
59046,,,Winter,
59047,,,Winter,
59048,,,Fall,
59049,,,Winter,
59050,,,Winter,
59051,,,Winter,
59052,,,Winter,
59053,,,Winter,
59054,,,Winter,
59055,,,Winter,
59056,,,Winter,
59058,,,Summer,
59059,,,Summer,
59060,,,Summer,
59061,,,Summer,
59062,,,Fall,
59063,,,Fall,
59064,,,Summer,
59065,,,Summer,
59066,,,Summer,
59067,,,Summer,
59068,,,Summer,
59069,,,Spring,
59070,,,Winter,
59071,,,Summer,
59072,,,Summer,
59073,,,Summer,
59074,,,Summer,
59075,,,Fall,
59076,,,Summer,
59077,,,Summer,
59078,,,Summer,
59079,,,Summer,
59080,,,Summer,
59081,,,Summer,
59082,,,Summer,
59083,,,Summer,
59084,,,Summer,
59085,,,Summer,
59086,,,Summer,
59087,,,Summer,
59088,,,Summer,
59089,,,Summer,
59090,,,Summer,
59091,,,Winter,
59092,,,Summer,
59093,,,Summer,
59094,,,Summer,
59095,,,Summer,
59096,,,Summer,
59097,,,Summer,
59098,,,Summer,
59099,,,Summer,
59100,,,Summer,
59101,,,Summer,
59102,,,Summer,
59103,,,Fall,
59104,,,Summer,
59105,,,Summer,
59106,,,Summer,
59112,,,Summer,
59115,,,Summer,
59116,,,Summer,
59117,,,Fall,
59118,,,Summer,
59119,,,Summer,
59120,,,Summer,
59121,,,Summer,
59122,,,Summer,
59123,,,Summer,
59124,,,Summer,
59126,,,Summer,
59127,,,Summer,
59128,,,Fall,
59129,,,Fall,
59130,,,Summer,
59131,,,Summer,
59132,,,Fall,
59133,,,Summer,
59142,,,Winter,
59143,,,Winter,
59144,,,Winter,
59145,,,Summer,
59146,,,Winter,
59147,,,Winter,
59149,,,Fall,
59160,,,Summer,
59161,,,Summer,
59165,,,Winter,
59166,,,Summer,
59167,,,Winter,
59172,,,Summer,
59173,,,Winter,
59174,,,Fall,
59175,,,Summer,
59176,,,Summer,
59177,,,Summer,
59178,,,Summer,
59181,,,Winter,
59185,,,Summer,
59187,,,Winter,
59188,,,Winter,
59190,,,Summer,
59212,,,Winter,
59213,,,Winter,
59214,,,Winter,
59215,,,Winter,
59216,,,Winter,
59217,,,Winter,
59218,,,Spring,
59219,,,Summer,
59220,,,Winter,
59221,,,Winter,
59222,,,Winter,
59223,,,Winter,
59224,,,Winter,
59225,,,Winter,
59226,,,Winter,
59227,,,Winter,
59228,,,Winter,
59229,,,Winter,
59230,,,Winter,
59231,,,Winter,
59232,,,Winter,
59233,,,Winter,
59235,,,Winter,
59236,,,Winter,
59237,,,Winter,
59238,,,Winter,
59239,,,Winter,
59240,,,Winter,
59241,,,Winter,
59242,,,Winter,
59243,,,Winter,
59244,,,Winter,
59245,,,Winter,
59246,,,Winter,
59247,,,Winter,
59248,,,Winter,
59249,,,Winter,
59250,,,Winter,
59251,,,Winter,
59252,,,Winter,
59253,,,Winter,
59254,,,Winter,
59255,,,Winter,
59256,,,Winter,
59257,,,Winter,
59258,,,Winter,
59259,,,Winter,
59260,,,Winter,
59261,,,Summer,
59262,,,Winter,
59263,,,Winter,
59264,,,Summer,
59265,,,Winter,
59266,,,Winter,
59267,,,Winter,
59268,,,Winter,
59269,,,Winter,
59270,,,Winter,
59271,,,Winter,
59272,,,Winter,
59273,,,Winter,
59274,,,Winter,
59275,,,Winter,
59276,,,Winter,
59277,,,Winter,
59278,,,Winter,
59279,,,Summer,
59280,,,Summer,
59281,,,Winter,
59282,,,Winter,
59283,,,Winter,
59284,,,Winter,
59286,,,Winter,
59287,,,Winter,
59290,,,Winter,
59291,,,Winter,
59292,,,Winter,
59293,,,Winter,
59294,,,Summer,
59295,,,Summer,
59296,,,Summer,
59297,,,Fall,
59298,,,Summer,
59299,,,Summer,
59300,,,Summer,
59301,,,Summer,
59302,,,Fall,
59303,,,Summer,
59304,,,Summer,
59305,,,Summer,
59306,,,Summer,
59311,,,Summer,
59312,,,Summer,
59315,,,Summer,
59323,,,Summer,
59324,,,Winter,
59326,,,Winter,
59329,,,Fall,
59330,,,Summer,
59338,,,Winter,
59342,,,Summer,
59349,,,Winter,
59352,,,Summer,
59353,,,Summer,
59354,,,Summer,
59355,,,Summer,
59356,,,Summer,
59357,,,Summer,
59358,,,Summer,
59359,,,Summer,
59360,,,Summer,
59361,,,Summer,
59362,,,Summer,
59363,,,Summer,
59364,,,Summer,
59365,,,Summer,
59366,,,Summer,
59367,,,Summer,
59368,,,Summer,
59369,,,Summer,
59370,,,Summer,
59371,,,Summer,
59372,,,Fall,
59373,,,Summer,
59374,,,Summer,
59375,,,Summer,
59376,,,Summer,
59377,,,Summer,
59378,,,Fall,
59379,,,Summer,
59380,,,Fall,
59381,,,Summer,
59382,,,Summer,
59383,,,Summer,
59387,,,Winter,
59388,,,Winter,
59390,,,Winter,
59396,,,Summer,
59399,,,Summer,
59400,,,Summer,
59403,,,Summer,
59404,,,Summer,
59405,,,Fall,
59407,,,Summer,
59410,,,Summer,
59413,,,Summer,
59418,,,Summer,
59421,,,Summer,
59422,,,Summer,
59428,,,Winter,
59430,,,Summer,
59432,,,Winter,
59433,,,Summer,
59435,,,Winter,
59436,,,Winter,
59437,,,Winter,
59439,,,Fall,
59440,,,Summer,
59441,,,Summer,
59442,,,Fall,
59443,,,Fall,
59444,,,Summer,
59445,,,Summer,
59446,,,Fall,
59448,,,Summer,
59451,,,Summer,
59452,,,Fall,
59453,,,Summer,
59454,,,Fall,
59455,,,Summer,
59456,,,Summer,
59457,,,Summer,
59458,,,Summer,
59459,,,Summer,
59460,,,Summer,
59461,,,Summer,
59462,,,Summer,
59463,,,Fall,
59464,,,Summer,
59465,,,Summer,
59466,,,Summer,
59467,,,Summer,
59468,,,Summer,
59469,,,Summer,
59470,,,Summer,
59471,,,Summer,
59474,,,Summer,
59481,,,Summer,
59484,,,Summer,
59498,,,Winter,
59499,,,Winter,
59501,,,Summer,
59502,,,Summer,
59503,,,Fall,
59504,,,Summer,
59505,,,Summer,
59507,,,Summer,
59508,,,Fall,
59509,,,Summer,
59510,,,Summer,
59511,,,Summer,
59512,,,Summer,
59513,,,Winter,
59514,,,Summer,
59515,,,Summer,
59516,,,Winter,
59518,,,Summer,
59519,,,Winter,
59520,,,Summer,
59521,,,Summer,
59522,,,Summer,
59523,,,Summer,
59524,,,Summer,
59525,,,Summer,
59526,,,Summer,
59527,,,Summer,
59528,,,Summer,
59529,,,Summer,
59530,,,Summer,
59531,,,Fall,
59532,,,Fall,
59533,,,Summer,
59534,,,Summer,
59535,,,Winter,
59537,,,Summer,
59541,,,Summer,
59543,,,Summer,
59544,,,Summer,
59545,,,Summer,
59546,,,Summer,
59547,,,Summer,
59550,,,Summer,
59551,,,Summer,
59552,,,Summer,
59553,,,Summer,
59554,,,Winter,
59555,,,Summer,
59556,,,Summer,
59557,,,Summer,
59558,,,Winter,
59559,,,Winter,
59560,,,Winter,
59561,,,Summer,
59563,,,Summer,
59564,,,Summer,
59565,,,Summer,
59566,,,Fall,
59567,,,Summer,
59568,,,Summer,
59569,,,Fall,
59570,,,Summer,
59571,,,Summer,
59572,,,Fall,
59573,,,Summer,
59574,,,Summer,
59575,,,Summer,
59576,,,Winter,
59577,,,Summer,
59578,,,Summer,
59579,,,Summer,
59580,,,Summer,
59581,,,Summer,
59582,,,Fall,
59583,,,Summer,
59584,,,Fall,
59585,,,Summer,
59586,,,Summer,
59587,,,Summer,
59589,,,Fall,
59590,,,Summer,
59591,,,Summer,
59592,,,Fall,
59593,,,Fall,
59594,,,Summer,
59595,,,Fall,
59596,,,Summer,
59597,,,Summer,
59598,,,Summer,
59599,,,Fall,
59600,,,Fall,
59601,,,Summer,
59603,,,Summer,
59604,,,Summer,
59606,,,Fall,
59607,,,Fall,
59608,,,Fall,
59609,,,Summer,
59610,,,Summer,
59611,,,Fall,
59612,,,Fall,
59613,,,Summer,
59614,,,Summer,
59615,,,Summer,
59616,,,Fall,
59618,,,Summer,
59619,,,Fall,
59620,,,Summer,
59621,,,Summer,
59622,,,Summer,
59623,,,Fall,
59624,,,Winter,
59625,,,Summer,
59626,,,Summer,
59628,,,Summer,
59630,,,Summer,
59631,,,Fall,
59632,,,Fall,
59633,,,Summer,
59634,,,Fall,
59635,,,Summer,
59636,,,Fall,
59637,,,Fall,
59638,,,Summer,
59639,,,Fall,
59640,,,Summer,
59641,,,Summer,
59642,,,Summer,
59643,,,Summer,
59644,,,Summer,
59645,,,Summer,
59646,,,Summer,
59647,,,Summer,
59648,,,Summer,
59649,,,Summer,
59650,,,Summer,
59651,,,Fall,
59652,,,Summer,
59653,,,Fall,
59654,,,Summer,
59655,,,Fall,
59656,,,Summer,
59657,,,Summer,
59658,,,Summer,
59659,,,Summer,
59660,,,Summer,
59661,,,Summer,
59662,,,Summer,
59663,,,Summer,
59664,,,Summer,
59665,,,Summer,
59666,,,Summer,
59667,,,Fall,
59668,,,Fall,
59669,,,Summer,
59670,,,Summer,
59672,,,Fall,
59673,,,Summer,
59674,,,Fall,
59675,,,Winter,
59676,,,Winter,
59677,,,Winter,
59678,,,Summer,
59679,,,Summer,
59680,,,Summer,
59681,,,Summer,
59682,,,Summer,
59683,,,Summer,
59684,,,Summer,
59685,,,Summer,
59686,,,Summer,
59687,,,Summer,
59688,,,Summer,
59689,,,Summer,
59690,,,Winter,
59691,,,Winter,
59692,,,Winter,
59693,,,Summer,
59694,,,Summer,
59695,,,Summer,
59696,,,Summer,
59697,,,Summer,
59698,,,Summer,
59699,,,Summer,
59700,,,Fall,
59701,,,Summer,
59702,,,Summer,
59703,,,Summer,
59704,,,Summer,
59705,,,Summer,
59706,,,Fall,
59707,,,Summer,
59708,,,Summer,
59709,,,Summer,
59710,,,Summer,
59711,,,Summer,
59712,,,Summer,
59713,,,Fall,
59714,,,Summer,
59715,,,Summer,
59716,,,Summer,
59717,,,Summer,
59718,,,Summer,
59719,,,Summer,
59720,,,Summer,
59721,,,Summer,
59722,,,Winter,
59723,,,Summer,
59724,,,Summer,
59725,,,Fall,
59726,,,Summer,
59727,,,Summer,
59728,,,Summer,
59729,,,Summer,
59730,,,Summer,
59731,,,Fall,
59732,,,Summer,
59733,,,Spring,
59734,,,Summer,
59735,,,Summer,
59736,,,Summer,
59739,,,Fall,
59740,,,Summer,
59741,,,Winter,
59742,,,Summer,
59743,,,Summer,
59744,,,Summer,
59745,,,Summer,
59746,,,Fall,
59747,,,Summer,
59748,,,Summer,
59749,,,Summer,
59750,,,Summer,
59751,,,Summer,
59752,,,Summer,
59753,,,Summer,
59754,,,Summer,
59755,,,Summer,
59756,,,Summer,
59757,,,Winter,
59758,,,Winter,
59759,,,Summer,
59760,,,Winter,
59761,,,Winter,
59762,,,Winter,
59763,,,Winter,
59764,,,Winter,
59765,,,Summer,
59766,,,Summer,
59767,,,Summer,
59768,,,Summer,
59769,,,Summer,
59770,,,Summer,
59771,,,Summer,
59772,,,Summer,
59773,,,Winter,
59774,,,Summer,
59775,,,Winter,
59776,,,Winter,
59777,,,Winter,
59778,,,Fall,
59779,,,Winter,
59780,,,Winter,
59781,,,Winter,
59782,,,Winter,
59783,,,Summer,
59784,,,Winter,
59794,,,Summer,
59795,,,Summer,
59796,,,Fall,
59797,,,Summer,
59810,,,Summer,
59811,,,Fall,
59813,,,Summer,
59814,,,Summer,
59819,,,Summer,
59824,,,Summer,
59826,,,Fall,
59827,,,Summer,
59832,,,Summer,
59833,,,Summer,
59834,,,Fall,
59838,,,Summer,
59839,,,Spring,
59851,,,Spring,
59853,,,Summer,
59856,,,Summer,
59858,,,Spring,
59859,,,Summer,
59860,,,Spring,
59862,,,Summer,
59863,,,Summer,
59866,,,Summer,
59872,,,Summer,
59873,,,Summer,
59874,,,Fall,
59875,,,Summer,
59876,,,Fall,
59877,,,Summer,
59878,,,Summer,
59879,,,Summer,
59880,,,Summer,
59881,,,Summer,
59882,,,Summer,
59883,,,Summer,
59884,,,Summer,
59885,,,Summer,
59886,,,Summer,
59887,,,Summer,
59888,,,Summer,
59889,,,Summer,
59890,,,Summer,
59891,,,Summer,
59892,,,Summer,
59893,,,Summer,
59894,,,Summer,
59895,,,Summer,
59896,,,Summer,
59897,,,Summer,
59898,,,Summer,
59900,,,Summer,
59901,,,Summer,
59902,,,Summer,
59903,,,Fall,
59904,,,Summer,
59905,,,Summer,
59906,,,Summer,
59907,,,Summer,
59908,,,Summer,
59909,,,Summer,
59910,,,Summer,
59911,,,Summer,
59912,,,Summer,
59914,,,Summer,
59915,,,Summer,
59916,,,Summer,
59917,,,Summer,
59918,,,Summer,
59919,,,Summer,
59920,,,Summer,
59921,,,Summer,
59922,,,Summer,
59923,,,Summer,
59924,,,Summer,
59925,,,Summer,
59926,,,Summer,
59927,,,Summer,
59928,,,Summer,
59929,,,Summer,
59930,,,Summer,
59931,,,Summer,
59932,,,Summer,
59933,,,Summer,
59934,,,Summer,
59935,,,Summer,
59936,,,Summer,
59937,,,Summer,
59938,,,Summer,
59939,,,Summer,
59940,,,Summer,
59941,,,Summer,
59942,,,Summer,
59943,,,Summer,
59944,,,Winter,
59945,,,Summer,
59946,,,Spring,
59947,,,Spring,
59948,,,Spring,
59949,,,Spring,
59950,,,Spring,
59951,,,Spring,
59961,,,Spring,
59962,,,Spring,
59963,,,Fall,
59964,,,Summer,
59965,,,Summer,
59966,,,Summer,
59967,,,Summer,
59968,,,Summer,
59969,,,Summer,
59970,,,Summer,
59971,,,Summer,
59972,,,Summer,
59973,,,Summer,
59974,,,Summer,
59975,,,Summer,
59976,,,Summer,
59977,,,Summer,
59978,,,Summer,
59979,,,Summer,
59980,,,Summer,
59981,,,Summer,
59982,,,Summer,
59983,,,Summer,
59984,,,Summer,
59985,,,Summer,
59986,,,Summer,
59987,,,Summer,
59988,,,Summer,
59989,,,Summer,
59990,,,Summer,
59991,,,Summer,
59992,,,Summer,
59993,,,Summer,
59994,,,Summer,
59995,,,Summer,
59996,,,Summer,
59998,,,Summer,
59999,,,Winter,
60000,,,Summer,
